Workbook

Sheet Dropdown
A1: Supplier | B1: Alias | C1: Period | D1: Type
A2: CHAKRAPANI VYAPAR PRIVATE LIMITED | B2: CVPL | C2: 45748 | D2: Discounts
A3: PARAGON RESIN LLP | B3: Paragon | C3: 45778 | D3: Outright with Discounts
A4: KAMAKYA CHEMPLAST PRIVATE LIMITED | B4: Kamakya | C4: 45809 | D4: Outright
A5: INTIME VINCOM PRIVATE LIMITED | B5: Intime | C5: 45839
A6: TREENITY PLY DECOR | B6: Treenity | C6: 45870
A7: PURAV POLYMERS PRIVATE LIMITED | B7: Purav | C7: 45901
A8: PRESTINE VENTURES PRIVATE LIMITED | B8: Prestine | C8: 45931
A9: VALUE PACKAGING INDUSTRIES PRIVATE LIMITED | B9: Value | C9: 45962
A10: SRI VENKATESHWARA POLYMERS | B10: SVP | C10: 45992
A11: ALLIED PLASTICS | B11: Allied | C11: 46023
C12: 46054
C13: 46082

Sheet Items Master
A1: Item Name | B1: Type | C1: HSN Code | D1: Product Cat | E1: Company | F1: Type
A2: HD M BLOW 003DB52 IOCL | B2: Domestic | C2: 39012000 | D2: HDPE | E2: IOCL | F2: Domestic
A3: PPCP 7033 E3 EXXON | B3: Import | C3: 39023000 | D3: PP ICP | E3: EXXON | F3: Import
A4: LD LAMINATION 1070LA17 RIL | B4: Domestic | C4: 39011020 | D4: LDPE | E4: RIL | F4: Domestic
A5: HD PIPE PE-100 002DP48 IOCL | B5: Domestic | C5: 39012000 | D5: HDPE | E5: IOCL | F5: Domestic
A6: LL FILM SLIP 010F18S IOCL | B6: Domestic | C6: 39012000 | D6: LLDPE | E6: IOCL | F6: Domestic
A7: HD PIPE PE-80 004DP44 IOCL | B7: Domestic | C7: 39012000 | D7: HDPE | E7: IOCL | F7: Domestic
A8: HD PIPE PE-63 010DP45 IOCL | B8: Domestic | C8: 39012000 | D8: HDPE | E8: IOCL | F8: Domestic
A9: LD FILM NON SLIP 450E DOW | B9: Import | C9: 39019090 | D9: LDPE | E9: DOW | F9: Import
A10: LD HEAVY DUTY FB3003 LOTRENE | B10: Import | C10: 39011090 | D10: LDPE | E10: LOTRENE | F10: Import
A11: HDPE 1007 | B11: Import | C11: 39012000 | D11: HDPE | E11: NA | F11: Others
A12: HDPE 3007 | B12: Import | C12: 39012000 | D12: HDPE | E12: NA | F12: Others
... A303: ABS MODIFIED TRANSPARENT 929-555 TORAY | B303: Import | C303: 39069090 | D303: ABS | E303: TORAY | F303: Import
A304: XYRON 540Z A1A3301 (BLACK) | B304: Import | C304: 39072090 | E304: XYRON | F304: Import
A305: XYRON PV40Z A1A3201 (BLACK) | B305: Import | C305: 39072990 | E305: XYRON | F305: Import
A306: LEONA FR370 W33N2 (BLACK) | B306: Import | C306: 39081049 | E306: LEONA | F306: Import

Sheet As per Zoho
B1: =SUBTOTAL(9, B3:B1048576) -> 1327852 | C1: =SUBTOTAL(9, C3:C1048576) -> 1443689 | D1: =SUBTOTAL(9, D3:D1048576) -> 1234725 | E1: =SUBTOTAL(9, E3:E1048576) -> 972325 | F1: =SUBTOTAL(9, F3:F1048576) -> 953000 | G1: =SUBTOTAL(9, G3:G1048576) -> 1220800 | H1: =SUBTOTAL(9, H3:H1048576) -> 978875
A2: Vendor Name | B2: 45748 | C2: 45778 | D2: 45809 | E2: 45839 | F2: 45870 | G2: 45901 | H2: 45931 | I2: 45962 | J2: 45992 | K2: 46023 | L2: 46054 | M2: 46082
A3: PARAGON RESIN LLP | B3: 87525 | C3: 94325 | D3: 60625 | E3: 31400 | F3: 25175 | G3: 55425 | H3: 28775
A4: HARISHREE POLYMERS PRIVATE LIMITED | B4: 78000 | C4: 36000 | D4: 2100 | E4: 21000 | F4: 10000 | G4: 12000 | H4: 0
A5: KAMAKYA CHEMPLAST PRIVATE LIMITED | B5: 70100 | C5: 25000 | D5: 0 | E5: 0 | F5: 105000 | G5: 25000 | H5: 25000
A6: RAGHUSHARAN OVERSEAS PRIVATE LIMITED | B6: 114250 | C6: 0 | D6: 0 | E6: 0 | F6: 0 | G6: 0 | H6: 0
A7: SHUBHAM INTERNATIONAL PRIVATE LIMITED | B7: 20500 | C7: 0 | D7: 500 | E7: 0 | F7: 7000 | G7: 10500 | H7: 0
A8: CHAKRAPANI VYAPAR PRIVATE LIMITED | B8: 25600 | C8: 166550 | D8: 108750 | E8: 158250 | F8: 150000 | G8: 173825 | H8: 220750
A9: NAGASHREE INDUSTRIES | B9: 0 | C9: 0 | D9: 0 | E9: 0 | F9: 0 | G9: 0 | H9: 0
A10: BULK LIQUID SOLUTIONS PVT LTD | B10: 54750 | C10: 10000 | D10: 17000 | E10: 47200 | F10: 0 | G10: 10000 | H10: 0
A11: TRIMURTI POLYCHEM PRIVATE LIMITED | B11: 24750 | C11: 0 | D11: 0 | E11: 0 | F11: 0 | G11: 0 | H11: 0
A12: AMBIKA PETROCHEM PRIVATE LIMITED | B12: 37000 | C12: 0 | D12: 12000 | E12: 0 | F12: 0 | G12: 0 | H12: 0
A13: SQUAREFLEX PACKAGING PRIVATE LIMITED | B13: 10000 | C13: 20000 | D13: 0 | E13: 0 | F13: 0 | G13: 0 | H13: 0
A14: D R POLYMERS PRIVATE LIMITED | B14: 40000 | C14: 14000 | D14: 0 | E14: 0 | F14: 0 | G14: 0 | H14: 17000
... A78: AXIA PLASTICS PRIVATE LIMITED | B78: 0 | C78: 0 | D78: 0 | E78: 0 | F78: 0 | G78: 24750 | H78: 30000

Sheet Master Check
A1: Period | B1: 45931
A3: Supplier | B3: As per Books | C3: As per Working | D3: Diff
A4: PARAGON RESIN LLP | B4: =VLOOKUP(A4,'As per Zoho'!$A:$M,MATCH('Master Check'!$B$1,'As per Zoho'!$A$2:$M$2),) -> 28775 | C4: =SUMIFS('<< Working >>'!$J:$J, '<< Working >>'!$G:$G, 'Master Check'!$B$1, '<< Working >>'!$D:$D, 'Master Check'!$A4) -> 28775 | D4: =B4-C4 -> 0
A5: HARISHREE POLYMERS PRIVATE LIMITED | B5: =VLOOKUP(A5,'As per Zoho'!$A:$M,MATCH('Master Check'!$B$1,'As per Zoho'!$A$2:$M$2),) -> 0 | C5: =SUMIFS('<< Working >>'!$J:$J, '<< Working >>'!$G:$G, 'Master Check'!$B$1, '<< Working >>'!$D:$D, 'Master Check'!$A5) -> 0 | D5: =B5-C5 -> 0
A6: KAMAKYA CHEMPLAST PRIVATE LIMITED | B6: =VLOOKUP(A6,'As per Zoho'!$A:$M,MATCH('Master Check'!$B$1,'As per Zoho'!$A$2:$M$2),) -> 25000 | C6: =SUMIFS('<< Working >>'!$J:$J, '<< Working >>'!$G:$G, 'Master Check'!$B$1, '<< Working >>'!$D:$D, 'Master Check'!$A6) -> 25000 | D6: =B6-C6 -> 0
A7: RAGHUSHARAN OVERSEAS PRIVATE LIMITED | B7: =VLOOKUP(A7,'As per Zoho'!$A:$M,MATCH('Master Check'!$B$1,'As per Zoho'!$A$2:$M$2),) -> 0 | C7: =SUMIFS('<< Working >>'!$J:$J, '<< Working >>'!$G:$G, 'Master Check'!$B$1, '<< Working >>'!$D:$D, 'Master Check'!$A7) -> 0 | D7: =B7-C7 -> 0
A8: SHUBHAM INTERNATIONAL PRIVATE LIMITED | B8: =VLOOKUP(A8,'As per Zoho'!$A:$M,MATCH('Master Check'!$B$1,'As per Zoho'!$A$2:$M$2),) -> 0 | C8: =SUMIFS('<< Working >>'!$J:$J, '<< Working >>'!$G:$G, 'Master Check'!$B$1, '<< Working >>'!$D:$D, 'Master Check'!$A8) -> 0 | D8: =B8-C8 -> 0
A9: CHAKRAPANI VYAPAR PRIVATE LIMITED | B9: =VLOOKUP(A9,'As per Zoho'!$A:$M,MATCH('Master Check'!$B$1,'As per Zoho'!$A$2:$M$2),) -> 220750 | C9: =SUMIFS('<< Working >>'!$J:$J, '<< Working >>'!$G:$G, 'Master Check'!$B$1, '<< Working >>'!$D:$D, 'Master Check'!$A9) -> 220750 | D9: =B9-C9 -> 0
A10: NAGASHREE INDUSTRIES | B10: =VLOOKUP(A10,'As per Zoho'!$A:$M,MATCH('Master Check'!$B$1,'As per Zoho'!$A$2:$M$2),) -> 0 | C10: =SUMIFS('<< Working >>'!$J:$J, '<< Working >>'!$G:$G, 'Master Check'!$B$1, '<< Working >>'!$D:$D, 'Master Check'!$A10) -> 0 | D10: =B10-C10 -> 0
A11: BULK LIQUID SOLUTIONS PVT LTD | B11: =VLOOKUP(A11,'As per Zoho'!$A:$M,MATCH('Master Check'!$B$1,'As per Zoho'!$A$2:$M$2),) -> 0 | C11: =SUMIFS('<< Working >>'!$J:$J, '<< Working >>'!$G:$G, 'Master Check'!$B$1, '<< Working >>'!$D:$D, 'Master Check'!$A11) -> 0 | D11: =B11-C11 -> 0
A12: TRIMURTI POLYCHEM PRIVATE LIMITED | B12: =VLOOKUP(A12,'As per Zoho'!$A:$M,MATCH('Master Check'!$B$1,'As per Zoho'!$A$2:$M$2),) -> 0 | C12: =SUMIFS('<< Working >>'!$J:$J, '<< Working >>'!$G:$G, 'Master Check'!$B$1, '<< Working >>'!$D:$D, 'Master Check'!$A12) -> 0 | D12: =B12-C12 -> 0
A13: AMBIKA PETROCHEM PRIVATE LIMITED | B13: =VLOOKUP(A13,'As per Zoho'!$A:$M,MATCH('Master Check'!$B$1,'As per Zoho'!$A$2:$M$2),) -> 0 | C13: =SUMIFS('<< Working >>'!$J:$J, '<< Working >>'!$G:$G, 'Master Check'!$B$1, '<< Working >>'!$D:$D, 'Master Check'!$A13) -> 0 | D13: =B13-C13 -> 0
A14: SQUAREFLEX PACKAGING PRIVATE LIMITED | B14: =VLOOKUP(A14,'As per Zoho'!$A:$M,MATCH('Master Check'!$B$1,'As per Zoho'!$A$2:$M$2),) -> 0 | C14: =SUMIFS('<< Working >>'!$J:$J, '<< Working >>'!$G:$G, 'Master Check'!$B$1, '<< Working >>'!$D:$D, 'Master Check'!$A14) -> 0 | D14: =B14-C14 -> 0
A15: D R POLYMERS PRIVATE LIMITED | B15: =VLOOKUP(A15,'As per Zoho'!$A:$M,MATCH('Master Check'!$B$1,'As per Zoho'!$A$2:$M$2),) -> 17000 | C15: =SUMIFS('<< Working >>'!$J:$J, '<< Working >>'!$G:$G, 'Master Check'!$B$1, '<< Working >>'!$D:$D, 'Master Check'!$A15) -> 17000 | D15: =B15-C15 -> 0
... A73: KULODAY TECHNOPACK PVT.LTD | B73: =VLOOKUP(A73,'As per Zoho'!$A:$M,MATCH('Master Check'!$B$1,'As per Zoho'!$A$2:$M$2),) -> 0 | C73: =SUMIFS('<< Working >>'!$J:$J, '<< Working >>'!$G:$G, 'Master Check'!$B$1, '<< Working >>'!$D:$D, 'Master Check'!$A73) -> 0 | D73: =B73-C73 -> 0

Sheet << Working >>
J1: =SUBTOTAL(9, J3:J1048576) -> 8728791 | W1: If Type = Outright & Outright W/D | X1: If Type = Discounts (always consider after CD) | AB1: Reconciliation
A2: Sr. No. | B2: Category | C2: PSPL Branch | D2: Supplier | E2: Alias | F2: Purchase Date | G2: Bill Month | H2: Bill No. | I2: Buy Rate | J2: QTY | K2: Grade | L2: Company | M2: Product Cat | N2: Type | O2: Buying Terms (If Outright with Disc) | Q2: Date for CN | R2: CN Month | S2: EBI | T2: PP | U2: Source | W2: Rate, As per Confirmation | X2: Rate, As per Price List | Y2: Price Type | Z2: Location | AB2: MOU | AC2: QD | AD2: EBI | AE2: GSI | AF2: Scheme | AG2: Extra | AH2: Loading | AI2: TPT | AJ2: Insurance | AK2: Round Off | AL2: Commission | AM2: GST CN | AN2: Total | AP2: Diff | AQ2: Status | AR2: Remarks, if any diff
A3: 1 | B3: Purchase | C3: Bangalore WH | D3: PARAGON RESIN LLP | E3: =IFERROR(VLOOKUP(D3,Dropdown!A:B,2,0),D3) -> Paragon | F3: 45748 | G3: =TEXT(F3, "MMM-YY") -> Apr-25 | H3: 10 | I3: 120.5 | J3: 2500 | K3: LD SLIP J24FS040 RIL | L3: =VLOOKUP(K3, 'Items Master'!A:E,5,0) -> RIL | M3: =VLOOKUP(K3, 'Items Master'!A:D,4,0) -> LDPE | N3: Outright | Q3: 45748 | R3: =TEXT(Q3, "MMM-YY") -> Apr-25 | W3: 120.5 | AN3: =SUM(AB3:AM3) -> 0 | AP3: =I3-W3-X3-AN3 -> 0 | AQ3: Verified & Closed
A4: =A3+1 -> 2 | B4: Purchase | C4: Bangalore WH | D4: HARISHREE POLYMERS PRIVATE LIMITED | E4: =IFERROR(VLOOKUP(D4,Dropdown!A:B,2,0),D4) -> HARISHREE POLYMERS PRIVATE LIMITED | F4: 45749 | G4: =TEXT(F4, "MMM-YY") -> Apr-25 | H4: HS/2526/00026 | I4: 91 | J4: 7000 | K4: HDPE HM F52H04 OPAL | L4: =VLOOKUP(K4, 'Items Master'!A:E,5,0) -> OPAL | M4: =VLOOKUP(K4, 'Items Master'!A:D,4,0) -> HDPE | N4: Outright | Q4: 45749 | R4: =TEXT(Q4, "MMM-YY") -> Apr-25 | W4: 91 | AN4: =SUM(AB4:AM4) -> 0 | AP4: =I4-W4-X4-AN4 -> 0 | AQ4: Verified & Closed
A5: =A4+1 -> 3 | B5: Purchase | C5: Bangalore WH | D5: HARISHREE POLYMERS PRIVATE LIMITED | E5: =IFERROR(VLOOKUP(D5,Dropdown!A:B,2,0),D5) -> HARISHREE POLYMERS PRIVATE LIMITED | F5: 45749 | G5: =TEXT(F5, "MMM-YY") -> Apr-25 | H5: HS/2526/00026 | I5: 95.5 | J5: 5000 | K5: LLDPE NONSLIP F2003A OPAL | L5: =VLOOKUP(K5, 'Items Master'!A:E,5,0) -> OPAL | M5: =VLOOKUP(K5, 'Items Master'!A:D,4,0) -> LLDPE | N5: Outright | Q5: 45749 | R5: =TEXT(Q5, "MMM-YY") -> Apr-25 | W5: 95.5 | AN5: =SUM(AB5:AM5) -> 0 | AP5: =I5-W5-X5-AN5 -> 0 | AQ5: Verified & Closed
A6: =A5+1 -> 4 | B6: Purchase | C6: Bangalore WH | D6: HARISHREE POLYMERS PRIVATE LIMITED | E6: =IFERROR(VLOOKUP(D6,Dropdown!A:B,2,0),D6) -> HARISHREE POLYMERS PRIVATE LIMITED | F6: 45749 | G6: =TEXT(F6, "MMM-YY") -> Apr-25 | H6: HS/2526/00027 | I6: 95.5 | J6: 10000 | K6: LLDPE NON-SLIP F2002A OPAL | L6: =VLOOKUP(K6, 'Items Master'!A:E,5,0) -> OPAL | M6: =VLOOKUP(K6, 'Items Master'!A:D,4,0) -> LLDPE | N6: Outright | Q6: 45749 | R6: =TEXT(Q6, "MMM-YY") -> Apr-25 | W6: 95.5 | AN6: =SUM(AB6:AM6) -> 0 | AP6: =I6-W6-X6-AN6 -> 0 | AQ6: Verified & Closed
A7: =A6+1 -> 5 | B7: Purchase | C7: Bangalore WH | D7: KAMAKYA CHEMPLAST PRIVATE LIMITED | E7: =IFERROR(VLOOKUP(D7,Dropdown!A:B,2,0),D7) -> Kamakya | F7: 45749 | G7: =TEXT(F7, "MMM-YY") -> Apr-25 | H7: 1 | I7: 98.9 | J7: 10100 | K7: PP RAFFIA HR003 MRPL | L7: =VLOOKUP(K7, 'Items Master'!A:E,5,0) -> MRPL | M7: =VLOOKUP(K7, 'Items Master'!A:D,4,0) -> PP | N7: Discounts | Q7: 45747 | R7: =TEXT(Q7, "MMM-YY") -> Mar-25 | X7: 98.9 | Y7: Ex-Works | Z7: Bangalore | AN7: =SUM(AB7:AM7) -> 0 | AP7: =I7-W7-X7-AN7 -> 0 | AQ7: Verified & Closed
A8: =A7+1 -> 6 | B8: Purchase | C8: Bangalore WH | D8: RAGHUSHARAN OVERSEAS PRIVATE LIMITED | E8: =IFERROR(VLOOKUP(D8,Dropdown!A:B,2,0),D8) -> RAGHUSHARAN OVERSEAS PRIVATE LIMITED | F8: 45749 | G8: =TEXT(F8, "MMM-YY") -> Apr-25 | H8: RO/CH/25-26/0004 | I8: 67.8 | J8: 30000 | K8: PVC SUSPENSION RESIN HS1000R | L8: =VLOOKUP(K8, 'Items Master'!A:E,5,0) -> HANWHA | M8: =VLOOKUP(K8, 'Items Master'!A:D,4,0) -> PVC | N8: Outright | Q8: 45749 | R8: =TEXT(Q8, "MMM-YY") -> Apr-25 | W8: 67.8 | AN8: =SUM(AB8:AM8) -> 0 | AP8: =I8-W8-X8-AN8 -> 0 | AQ8: Verified & Closed
A9: =A8+1 -> 7 | B9: Purchase | C9: Chennai Office | D9: SHUBHAM INTERNATIONAL PRIVATE LIMITED | E9: =IFERROR(VLOOKUP(D9,Dropdown!A:B,2,0),D9) -> SHUBHAM INTERNATIONAL PRIVATE LIMITED | F9: 45750 | G9: =TEXT(F9, "MMM-YY") -> Apr-25 | H9: 11 | I9: 98.5 | J9: 3000 | K9: PP TQ FILM HF010 MRPL | L9: =VLOOKUP(K9, 'Items Master'!A:E,5,0) -> MRPL | M9: =VLOOKUP(K9, 'Items Master'!A:D,4,0) -> PP | N9: Outright | Q9: 45750 | R9: =TEXT(Q9, "MMM-YY") -> Apr-25 | W9: 98.5 | AN9: =SUM(AB9:AM9) -> 0 | AP9: =I9-W9-X9-AN9 -> 0 | AQ9: Verified & Closed
A10: =A9+1 -> 8 | B10: Purchase | C10: Bangalore WH | D10: CHAKRAPANI VYAPAR PRIVATE LIMITED | E10: =IFERROR(VLOOKUP(D10,Dropdown!A:B,2,0),D10) -> CVPL | F10: 45751 | G10: =TEXT(F10, "MMM-YY") -> Apr-25 | H10: CV2526BGP000053 | I10: 97.75 | J10: 1400 | K10: LLDPE SLIP F20S009 GAIL | L10: =VLOOKUP(K10, 'Items Master'!A:E,5,0) -> GAIL | M10: =VLOOKUP(K10, 'Items Master'!A:D,4,0) -> LLDPE | N10: Outright | Q10: 45751 | R10: =TEXT(Q10, "MMM-YY") -> Apr-25 | W10: 97.75 | AN10: =SUM(AB10:AM10) -> 0 | AP10: =I10-W10-X10-AN10 -> 0 | AQ10: Verified & Closed
A11: =A10+1 -> 9 | B11: Purchase | C11: Bangalore WH | D11: CHAKRAPANI VYAPAR PRIVATE LIMITED | E11: =IFERROR(VLOOKUP(D11,Dropdown!A:B,2,0),D11) -> CVPL | F11: 45751 | G11: =TEXT(F11, "MMM-YY") -> Apr-25 | H11: CV2526BGP000053 | I11: 120.75 | J11: 100 | K11: LD SLIP J24FS040 RIL | L11: =VLOOKUP(K11, 'Items Master'!A:E,5,0) -> RIL | M11: =VLOOKUP(K11, 'Items Master'!A:D,4,0) -> LDPE | N11: Outright | Q11: 45751 | R11: =TEXT(Q11, "MMM-YY") -> Apr-25 | W11: 120.75 | AN11: =SUM(AB11:AM11) -> 0 | AP11: =I11-W11-X11-AN11 -> 0 | AQ11: Verified & Closed
A12: =A11+1 -> 10 | B12: Purchase | C12: Bangalore WH | D12: CHAKRAPANI VYAPAR PRIVATE LIMITED | E12: =IFERROR(VLOOKUP(D12,Dropdown!A:B,2,0),D12) -> CVPL | F12: 45751 | G12: =TEXT(F12, "MMM-YY") -> Apr-25 | H12: CV2526YPR000311 | I12: 97 | J12: 3000 | K12: LLDPE F18S010UA GAIL | L12: =VLOOKUP(K12, 'Items Master'!A:E,5,0) -> GAIL | M12: =VLOOKUP(K12, 'Items Master'!A:D,4,0) -> LLDPE | N12: Outright | Q12: 45751 | R12: =TEXT(Q12, "MMM-YY") -> Apr-25 | W12: 97 | AN12: =SUM(AB12:AM12) -> 0 | AP12: =I12-W12-X12-AN12 -> 0 | AQ12: Verified & Closed
A13: =A12+1 -> 11 | B13: Purchase | C13: Bangalore WH | D13: HARISHREE POLYMERS PRIVATE LIMITED | E13: =IFERROR(VLOOKUP(D13,Dropdown!A:B,2,0),D13) -> HARISHREE POLYMERS PRIVATE LIMITED | F13: 45751 | G13: =TEXT(F13, "MMM-YY") -> Apr-25 | H13: HS/2526/00089 | I13: 91 | J13: 12000 | K13: HDPE HM F52H04 OPAL | L13: =VLOOKUP(K13, 'Items Master'!A:E,5,0) -> OPAL | M13: =VLOOKUP(K13, 'Items Master'!A:D,4,0) -> HDPE | N13: Outright | Q13: 45751 | R13: =TEXT(Q13, "MMM-YY") -> Apr-25 | W13: 91 | AN13: =SUM(AB13:AM13) -> 0 | AP13: =I13-W13-X13-AN13 -> 0 | AQ13: Verified & Closed
A14: =A13+1 -> 12 | B14: Purchase | C14: Bangalore WH | D14: HARISHREE POLYMERS PRIVATE LIMITED | E14: =IFERROR(VLOOKUP(D14,Dropdown!A:B,2,0),D14) -> HARISHREE POLYMERS PRIVATE LIMITED | F14: 45751 | G14: =TEXT(F14, "MMM-YY") -> Apr-25 | H14: HS/2526/00088 | I14: 95.75 | J14: 12000 | K14: LLDPE SLIP F2001S OPAL | L14: =VLOOKUP(K14, 'Items Master'!A:E,5,0) -> OPAL | M14: =VLOOKUP(K14, 'Items Master'!A:D,4,0) -> LLDPE | N14: Outright | Q14: 45751 | R14: =TEXT(Q14, "MMM-YY") -> Apr-25 | W14: 95.75 | AN14: =SUM(AB14:AM14) -> 0 | AP14: =I14-W14-X14-AN14 -> 0 | AQ14: Verified & Closed
A15: =A14+1 -> 13 | B15: Purchase | C15: Bangalore WH | D15: SHUBHAM INTERNATIONAL PRIVATE LIMITED | E15: =IFERROR(VLOOKUP(D15,Dropdown!A:B,2,0),D15) -> SHUBHAM INTERNATIONAL PRIVATE LIMITED | F15: 45751 | G15: =TEXT(F15, "MMM-YY") -> Apr-25 | H15: 22 | I15: 120.75 | J15: 3500 | K15: LD SLIP J24FS040 RIL | L15: =VLOOKUP(K15, 'Items Master'!A:E,5,0) -> RIL | M15: =VLOOKUP(K15, 'Items Master'!A:D,4,0) -> LDPE | N15: Outright | Q15: 45751 | R15: =TEXT(Q15, "MMM-YY") -> Apr-25 | W15: 120.75 | AN15: =SUM(AB15:AM15) -> 0 | AP15: =I15-W15-X15-AN15 -> 0 | AQ15: Verified & Closed
A16: =A15+1 -> 14 | B16: Purchase | C16: Bangalore WH | D16: NAGASHREE INDUSTRIES | E16: =IFERROR(VLOOKUP(D16,Dropdown!A:B,2,0),D16) -> NAGASHREE INDUSTRIES | F16: 45751 | G16: =TEXT(F16, "MMM-YY") -> Apr-25 | H16: NI/005/25-26 | I16: 107 | J16: 350 | K16: PP RANDOM RE420MO BOROUGE | L16: =VLOOKUP(K16, 'Items Master'!A:E,5,0) -> BOROUGE | M16: =VLOOKUP(K16, 'Items Master'!A:D,4,0) -> PP RCP | N16: Outright | Q16: 45751 | R16: =TEXT(Q16, "MMM-YY") -> Apr-25 | W16: 107 | AN16: =SUM(AB16:AM16) -> 0 | AP16: =I16-W16-X16-AN16 -> 0 | AQ16: Verified & Closed
A17: =A16+1 -> 15 | B17: Purchase | C17: Bangalore WH | D17: SHUBHAM INTERNATIONAL PRIVATE LIMITED | E17: =IFERROR(VLOOKUP(D17,Dropdown!A:B,2,0),D17) -> SHUBHAM INTERNATIONAL PRIVATE LIMITED | F17: 45752 | G17: =TEXT(F17, "MMM-YY") -> Apr-25 | H17: 26 | I17: 120.75 | J17: 1500 | K17: LD SLIP J24FS040 RIL | L17: =VLOOKUP(K17, 'Items Master'!A:E,5,0) -> RIL | M17: =VLOOKUP(K17, 'Items Master'!A:D,4,0) -> LDPE | N17: Outright | Q17: 45752 | R17: =TEXT(Q17, "MMM-YY") -> Apr-25 | W17: 120.75 | AN17: =SUM(AB17:AM17) -> 0 | AP17: =I17-W17-X17-AN17 -> 0 | AQ17: Verified & Closed
A18: =A17+1 -> 16 | B18: Purchase | C18: Bangalore WH | D18: BULK LIQUID SOLUTIONS PVT LTD | E18: =IFERROR(VLOOKUP(D18,Dropdown!A:B,2,0),D18) -> BULK LIQUID SOLUTIONS PVT LTD | F18: 45752 | G18: =TEXT(F18, "MMM-YY") -> Apr-25 | H18: B008/25-56 | I18: 95 | J18: 10000 | K18: PP RAFFIA PPH-T03 SINOPEC | L18: =VLOOKUP(K18, 'Items Master'!A:E,5,0) -> SINOPEC | M18: =VLOOKUP(K18, 'Items Master'!A:D,4,0) -> PP | N18: Outright | Q18: 45752 | R18: =TEXT(Q18, "MMM-YY") -> Apr-25 | W18: 95 | AN18: =SUM(AB18:AM18) -> 0 | AP18: =I18-W18-X18-AN18 -> 0 | AQ18: Verified & Closed
A19: =A18+1 -> 17 | B19: Purchase | C19: Bangalore WH | D19: TRIMURTI POLYCHEM PRIVATE LIMITED | E19: =IFERROR(VLOOKUP(D19,Dropdown!A:B,2,0),D19) -> TRIMURTI POLYCHEM PRIVATE LIMITED | F19: 45752 | G19: =TEXT(F19, "MMM-YY") -> Apr-25 | H19: T1250037 | I19: 91.5 | J19: 24750 | K19: HD HM EGDA 6888 EQUATE | L19: =VLOOKUP(K19, 'Items Master'!A:E,5,0) -> EQUATE | M19: =VLOOKUP(K19, 'Items Master'!A:D,4,0) -> HDPE | N19: Outright | Q19: 45752 | R19: =TEXT(Q19, "MMM-YY") -> Apr-25 | W19: 91.5 | AN19: =SUM(AB19:AM19) -> 0 | AP19: =I19-W19-X19-AN19 -> 0 | AQ19: Verified & Closed
... A29: =A28+1 -> 27 | B29: Purchase | C29: Chennai Office | D29: SQUAREFLEX PACKAGING PRIVATE LIMITED | E29: =IFERROR(VLOOKUP(D29,Dropdown!A:B,2,0),D29) -> SQUAREFLEX PACKAGING PRIVATE LIMITED | F29: 45755 | G29: =TEXT(F29, "MMM-YY") -> Apr-25 | H29: SP/17/25-26 | I29: 123.5 | J29: 10000 | K29: LDPE HEAVYDUTY 22FA002 RIL | L29: =VLOOKUP(K29, 'Items Master'!A:E,5,0) -> RIL | M29: =VLOOKUP(K29, 'Items Master'!A:D,4,0) -> LDPE | N29: Outright | Q29: 45755 | R29: =TEXT(Q29, "MMM-YY") -> Apr-25 | W29: 123.5 | AN29: =SUM(AB29:AM29) -> 0 | AP29: =I29-W29-X29-AN29 -> 0 | AQ29: Verified & Closed
A30: =A29+1 -> 28 | B30: Purchase | C30: Bangalore WH | D30: CHAKRAPANI VYAPAR PRIVATE LIMITED | E30: =IFERROR(VLOOKUP(D30,Dropdown!A:B,2,0),D30) -> CVPL | F30: 45755 | G30: =TEXT(F30, "MMM-YY") -> Apr-25 | H30: CV2526YPR000556 | I30: 98.9 | J30: 3000 | K30: PP RAFFIA HR003 MRPL | L30: =VLOOKUP(K30, 'Items Master'!A:E,5,0) -> MRPL | M30: =VLOOKUP(K30, 'Items Master'!A:D,4,0) -> PP | N30: Discounts | Q30: 45755 | R30: =TEXT(Q30, "MMM-YY") -> Apr-25 | X30: 98.9 | AN30: =SUM(AB30:AM30) -> 0 | AP30: =I30-W30-X30-AN30 -> 0 | AQ30: Open
A31: =A30+1 -> 29 | B31: Purchase | C31: Bangalore WH | D31: D R POLYMERS PRIVATE LIMITED | E31: =IFERROR(VLOOKUP(D31,Dropdown!A:B,2,0),D31) -> D R POLYMERS PRIVATE LIMITED | F31: 45755 | G31: =TEXT(F31, "MMM-YY") -> Apr-25 | H31: CN000017 | I31: 67.85 | J31: 30000 | K31: PVC SUSPENSION RESIN HS1000R | L31: =VLOOKUP(K31, 'Items Master'!A:E,5,0) -> HANWHA | M31: =VLOOKUP(K31, 'Items Master'!A:D,4,0) -> PVC | N31: Outright | Q31: 45755 | R31: =TEXT(Q31, "MMM-YY") -> Apr-25 | W31: 67.85 | AN31: =SUM(AB31:AM31) -> 0 | AP31: =I31-W31-X31-AN31 -> 0 | AQ31: Verified & Closed
A32: =A31+1 -> 30 | B32: Purchase | C32: Chennai Office | D32: IVORY POLYMERS | E32: =IFERROR(VLOOKUP(D32,Dropdown!A:B,2,0),D32) -> IVORY POLYMERS | F32: 45756 | G32: =TEXT(F32, "MMM-YY") -> Apr-25 | H32: 11 | I32: 105 | J32: 6000 | K32: PP RANDOM RE420MO BOROUGE | L32: =VLOOKUP(K32, 'Items Master'!A:E,5,0) -> BOROUGE | M32: =VLOOKUP(K32, 'Items Master'!A:D,4,0) -> PP RCP | N32: Outright | Q32: 45756 | R32: =TEXT(Q32, "MMM-YY") -> Apr-25 | W32: 105 | AN32: =SUM(AB32:AM32) -> 0 | AP32: =I32-W32-X32-AN32 -> 0 | AQ32: Verified & Closed
A33: =A32+1 -> 31 | B33: Purchase | C33: Bangalore WH | D33: INTIME VINCOM PRIVATE LIMITED | E33: =IFERROR(VLOOKUP(D33,Dropdown!A:B,2,0),D33) -> Intime | F33: 45757 | G33: =TEXT(F33, "MMM-YY") -> Apr-25 | H33: A-40/2025-26 | I33: 100.974 | J33: 13000 | K33: LLDPE F18S010UA GAIL | L33: =VLOOKUP(K33, 'Items Master'!A:E,5,0) -> GAIL | M33: =VLOOKUP(K33, 'Items Master'!A:D,4,0) -> LLDPE | N33: Discounts | Q33: 45757 | R33: =TEXT(Q33, "MMM-YY") -> Apr-25 | X33: 100.974 | AN33: =SUM(AB33:AM33) -> 0 | AP33: =I33-W33-X33-AN33 -> 0 | AQ33: Open
A34: =A33+1 -> 32 | B34: Purchase | C34: Bangalore WH | D34: SYNTHETIC PACKERS LIMITED | E34: =IFERROR(VLOOKUP(D34,Dropdown!A:B,2,0),D34) -> SYNTHETIC PACKERS LIMITED | F34: 45757 | G34: =TEXT(F34, "MMM-YY") -> Apr-25 | H34: SYN25/00144 | I34: 91.5 | J34: 10000 | K34: HD HM 6097 LUBAN | L34: =VLOOKUP(K34, 'Items Master'!A:E,5,0) -> LUBAN | M34: =VLOOKUP(K34, 'Items Master'!A:D,4,0) -> HDPE | N34: Outright | Q34: 45757 | R34: =TEXT(Q34, "MMM-YY") -> Apr-25 | W34: 91.5 | AN34: =SUM(AB34:AM34) -> 0 | AP34: =I34-W34-X34-AN34 -> 0 | AQ34: Verified & Closed
A35: =A34+1 -> 33 | B35: Purchase | C35: Chennai Office | D35: SYNTHETIC PACKERS LIMITED | E35: =IFERROR(VLOOKUP(D35,Dropdown!A:B,2,0),D35) -> SYNTHETIC PACKERS LIMITED | F35: 45757 | G35: =TEXT(F35, "MMM-YY") -> Apr-25 | H35: SYN25/00139 | I35: 91.5 | J35: 12750 | K35: HD HM 6097 LUBAN | L35: =VLOOKUP(K35, 'Items Master'!A:E,5,0) -> LUBAN | M35: =VLOOKUP(K35, 'Items Master'!A:D,4,0) -> HDPE | N35: Outright | Q35: 45757 | R35: =TEXT(Q35, "MMM-YY") -> Apr-25 | W35: 91.5 | AN35: =SUM(AB35:AM35) -> 0 | AP35: =I35-W35-X35-AN35 -> 0 | AQ35: Verified & Closed
A36: =A35+1 -> 34 | B36: Purchase | C36: Chennai Office | D36: CHAKRAPANI VYAPAR PRIVATE LIMITED | E36: =IFERROR(VLOOKUP(D36,Dropdown!A:B,2,0),D36) -> CVPL | F36: 45758 | G36: =TEXT(F36, "MMM-YY") -> Apr-25 | H36: CV2526BGP000121 | I36: 101.486 | J36: 1000 | K36: LLDPE SLIP F20S009 GAIL | L36: =VLOOKUP(K36, 'Items Master'!A:E,5,0) -> GAIL | M36: =VLOOKUP(K36, 'Items Master'!A:D,4,0) -> LLDPE | N36: Discounts | O36: With Discount | Q36: 45758 | R36: =TEXT(Q36, "MMM-YY") -> Apr-25 | X36: 100.99 | AN36: =SUM(AB36:AM36) -> 0 | AP36: =I36-W36-X36-AN36 -> 0.496 | AQ36: Open
A37: =A36+1 -> 35 | B37: Purchase | C37: Bangalore WH | D37: CHAKRAPANI VYAPAR PRIVATE LIMITED | E37: =IFERROR(VLOOKUP(D37,Dropdown!A:B,2,0),D37) -> CVPL | F37: 45758 | G37: =TEXT(F37, "MMM-YY") -> Apr-25 | H37: CV2526BGP000121 | I37: 120.75 | J37: 100 | K37: LD SLIP J24FS040 RIL | L37: =VLOOKUP(K37, 'Items Master'!A:E,5,0) -> RIL | M37: =VLOOKUP(K37, 'Items Master'!A:D,4,0) -> LDPE | N37: Outright | Q37: 45758 | R37: =TEXT(Q37, "MMM-YY") -> Apr-25 | W37: 120.75 | AN37: =SUM(AB37:AM37) -> 0 | AP37: =I37-W37-X37-AN37 -> 0 | AQ37: Verified & Closed
A38: =A37+1 -> 36 | B38: Purchase | C38: Bangalore WH | D38: TREENITY PLY DECOR | E38: =IFERROR(VLOOKUP(D38,Dropdown!A:B,2,0),D38) -> Treenity | F38: 45758 | G38: =TEXT(F38, "MMM-YY") -> Apr-25 | H38: 48 | I38: 100.55 | J38: 10000 | K38: PP RAFFIA HR003 MRPL | L38: =VLOOKUP(K38, 'Items Master'!A:E,5,0) -> MRPL | M38: =VLOOKUP(K38, 'Items Master'!A:D,4,0) -> PP | N38: Discounts | Q38: 45758 | R38: =TEXT(Q38, "MMM-YY") -> Apr-25 | U38: Plant | X38: 98.9 | Y38: Ex-Works | Z38: Bangalore | AI38: 1.65 | AN38: =SUM(AB38:AM38) -> 1.65 | AP38: =I38-W38-X38-AN38 -> -8.437695e-15 | AQ38: Verified & Closed
A39: =A38+1 -> 37 | B39: Purchase | C39: Bangalore WH | D39: SYNTHETIC PACKERS LIMITED | E39: =IFERROR(VLOOKUP(D39,Dropdown!A:B,2,0),D39) -> SYNTHETIC PACKERS LIMITED | F39: 45758 | G39: =TEXT(F39, "MMM-YY") -> Apr-25 | H39: SYN25/00185 | I39: 91.5 | J39: 24750 | K39: HD HM 6097 LUBAN | L39: =VLOOKUP(K39, 'Items Master'!A:E,5,0) -> LUBAN | M39: =VLOOKUP(K39, 'Items Master'!A:D,4,0) -> HDPE | N39: Outright | Q39: 45758 | R39: =TEXT(Q39, "MMM-YY") -> Apr-25 | W39: 91.5 | AN39: =SUM(AB39:AM39) -> 0 | AP39: =I39-W39-X39-AN39 -> 0 | AQ39: Verified & Closed
A40: =A39+1 -> 38 | B40: Purchase | C40: Chennai Office | D40: SYNTHETIC PACKERS LIMITED | E40: =IFERROR(VLOOKUP(D40,Dropdown!A:B,2,0),D40) -> SYNTHETIC PACKERS LIMITED | F40: 45758 | G40: =TEXT(F40, "MMM-YY") -> Apr-25 | H40: SYN25/00186 | I40: 91.5 | J40: 2000 | K40: HD HM 6097 LUBAN | L40: =VLOOKUP(K40, 'Items Master'!A:E,5,0) -> LUBAN | M40: =VLOOKUP(K40, 'Items Master'!A:D,4,0) -> HDPE | N40: Outright | Q40: 45758 | R40: =TEXT(Q40, "MMM-YY") -> Apr-25 | W40: 91.5 | AN40: =SUM(AB40:AM40) -> 0 | AP40: =I40-W40-X40-AN40 -> 0 | AQ40: Verified & Closed
A41: =A40+1 -> 39 | B41: Purchase | C41: Chennai Office | D41: SYNTHETIC PACKERS LIMITED | E41: =IFERROR(VLOOKUP(D41,Dropdown!A:B,2,0),D41) -> SYNTHETIC PACKERS LIMITED | F41: 45758 | G41: =TEXT(F41, "MMM-YY") -> Apr-25 | H41: SYN25/00186 | I41: 91.25 | J41: 10000 | K41: HD HM 6097 LUBAN | L41: =VLOOKUP(K41, 'Items Master'!A:E,5,0) -> LUBAN | M41: =VLOOKUP(K41, 'Items Master'!A:D,4,0) -> HDPE | N41: Outright | Q41: 45758 | R41: =TEXT(Q41, "MMM-YY") -> Apr-25 | W41: 91.25 | AN41: =SUM(AB41:AM41) -> 0 | AP41: =I41-W41-X41-AN41 -> 0 | AQ41: Verified & Closed
A42: =A41+1 -> 40 | B42: Purchase | C42: Bangalore WH | D42: PRESTINE VENTURES PRIVATE LIMITED | E42: =IFERROR(VLOOKUP(D42,Dropdown!A:B,2,0),D42) -> Prestine | F42: 45759 | G42: =TEXT(F42, "MMM-YY") -> Apr-25 | H42: HYD/82 | I42: 101.74 | J42: 10000 | K42: PP RAFFIA H030SG RIL | L42: =VLOOKUP(K42, 'Items Master'!A:E,5,0) -> RIL | M42: =VLOOKUP(K42, 'Items Master'!A:D,4,0) -> PP | N42: Discounts | Q42: 45759 | R42: =TEXT(Q42, "MMM-YY") -> Apr-25 | X42: 101.74 | Y42: Ex-DCA-Depo | Z42: Hyderabad | AN42: =SUM(AB42:AM42) -> 0 | AP42: =I42-W42-X42-AN42 -> 0 | AQ42: Verified & Closed
A43: =A42+1 -> 41 | B43: Purchase | C43: Bangalore WH | D43: PARAGON RESIN LLP | E43: =IFERROR(VLOOKUP(D43,Dropdown!A:B,2,0),D43) -> Paragon | F43: 45759 | G43: =TEXT(F43, "MMM-YY") -> Apr-25 | H43: MNG/030 | I43: 100.28 | J43: 25000 | K43: PP RAFFIA H030SG RIL | L43: =VLOOKUP(K43, 'Items Master'!A:E,5,0) -> RIL | M43: =VLOOKUP(K43, 'Items Master'!A:D,4,0) -> PP | N43: Discounts | Q43: 45759 | R43: =TEXT(Q43, "MMM-YY") -> Apr-25 | X43: 100.28 | AN43: =SUM(AB43:AM43) -> 0 | AP43: =I43-W43-X43-AN43 -> 0 | AQ43: Open
A44: =A43+1 -> 42 | B44: Purchase | C44: Bangalore WH | D44: INTIME VINCOM PRIVATE LIMITED | E44: =IFERROR(VLOOKUP(D44,Dropdown!A:B,2,0),D44) -> Intime | F44: 45759 | G44: =TEXT(F44, "MMM-YY") -> Apr-25 | H44: A-61/2025-26 | I44: 99.933 | J44: 12000 | K44: LLDPE SLIP F20S010IA BCPL | L44: =VLOOKUP(K44, 'Items Master'!A:E,5,0) -> BCPL | M44: =VLOOKUP(K44, 'Items Master'!A:D,4,0) -> LLDPE | N44: Discounts | Q44: 45759 | R44: =TEXT(Q44, "MMM-YY") -> Apr-25 | X44: 99.933 | AN44: =SUM(AB44:AM44) -> 0 | AP44: =I44-W44-X44-AN44 -> 0 | AQ44: Open
A45: =A44+1 -> 43 | B45: Purchase | C45: Bangalore WH | D45: PARAGON RESIN LLP | E45: =IFERROR(VLOOKUP(D45,Dropdown!A:B,2,0),D45) -> Paragon | F45: 45759 | G45: =TEXT(F45, "MMM-YY") -> Apr-25 | H45: 263 | I45: 102.8 | J45: 1000 | K45: PP TQ H100EY RIL | L45: =VLOOKUP(K45, 'Items Master'!A:E,5,0) -> RIL | M45: =VLOOKUP(K45, 'Items Master'!A:D,4,0) -> PP | N45: Discounts | Q45: 45759 | R45: =TEXT(Q45, "MMM-YY") -> Apr-25 | X45: 102.8 | AN45: =SUM(AB45:AM45) -> 0 | AP45: =I45-W45-X45-AN45 -> 0 | AQ45: Open
A46: =A45+1 -> 44 | B46: Purchase | C46: Bangalore WH | D46: PARAGON RESIN LLP | E46: =IFERROR(VLOOKUP(D46,Dropdown!A:B,2,0),D46) -> Paragon | F46: 45759 | G46: =TEXT(F46, "MMM-YY") -> Apr-25 | H46: 252 | I46: 102.8 | J46: 2000 | K46: HDPE RAFFIA HD55EF010 RIL | L46: =VLOOKUP(K46, 'Items Master'!A:E,5,0) -> RIL | M46: =VLOOKUP(K46, 'Items Master'!A:D,4,0) -> HDPE | N46: Discounts | Q46: 45759 | R46: =TEXT(Q46, "MMM-YY") -> Apr-25 | X46: 102.8 | AN46: =SUM(AB46:AM46) -> 0 | AP46: =I46-W46-X46-AN46 -> 0 | AQ46: Open
A47: =A46+1 -> 45 | B47: Purchase | C47: Bangalore WH | D47: LPB Plastic Private Limited | E47: =IFERROR(VLOOKUP(D47,Dropdown!A:B,2,0),D47) -> LPB Plastic Private Limited | F47: 45759 | G47: =TEXT(F47, "MMM-YY") -> Apr-25 | H47: RM/084/25-26 | I47: 98.5 | J47: 12000 | K47: LLDPE NON-SLIP F0218L HMEL | L47: =VLOOKUP(K47, 'Items Master'!A:E,5,0) -> HMEL | M47: =VLOOKUP(K47, 'Items Master'!A:D,4,0) -> LLDPE | N47: Outright | Q47: 45759 | R47: =TEXT(Q47, "MMM-YY") -> Apr-25 | W47: 98.5 | AN47: =SUM(AB47:AM47) -> 0 | AP47: =I47-W47-X47-AN47 -> 0 | AQ47: Verified & Closed
A48: =A47+1 -> 46 | B48: Purchase | C48: Bangalore WH | D48: CHAKRAPANI VYAPAR PRIVATE LIMITED | E48: =IFERROR(VLOOKUP(D48,Dropdown!A:B,2,0),D48) -> CVPL | F48: 45759 | G48: =TEXT(F48, "MMM-YY") -> Apr-25 | H48: CV2526YPR000886 | I48: 97.5 | J48: 2000 | K48: LLDPE SLIP JF19010 RIL | L48: =VLOOKUP(K48, 'Items Master'!A:E,5,0) -> RIL | M48: =VLOOKUP(K48, 'Items Master'!A:D,4,0) -> LLDPE | N48: Outright | Q48: 45759 | R48: =TEXT(Q48, "MMM-YY") -> Apr-25 | W48: 97.5 | AN48: =SUM(AB48:AM48) -> 0 | AP48: =I48-W48-X48-AN48 -> 0 | AQ48: Verified & Closed
A49: =A48+1 -> 47 | B49: Purchase | C49: Bangalore WH | D49: PARAGON RESIN LLP | E49: =IFERROR(VLOOKUP(D49,Dropdown!A:B,2,0),D49) -> Paragon | F49: 45759 | G49: =TEXT(F49, "MMM-YY") -> Apr-25 | H49: 267 | I49: 106.28 | J49: 5000 | K49: PP LAMINATION H350EC RIL | L49: =VLOOKUP(K49, 'Items Master'!A:E,5,0) -> RIL | M49: =VLOOKUP(K49, 'Items Master'!A:D,4,0) -> PP | N49: Discounts | Q49: 45759 | R49: =TEXT(Q49, "MMM-YY") -> Apr-25 | X49: 106.28 | AN49: =SUM(AB49:AM49) -> 0 | AP49: =I49-W49-X49-AN49 -> 0 | AQ49: Open
A50: =A49+1 -> 48 | B50: Purchase | C50: Bangalore WH | D50: CHAKRAPANI VYAPAR PRIVATE LIMITED | E50: =IFERROR(VLOOKUP(D50,Dropdown!A:B,2,0),D50) -> CVPL | F50: 45759 | G50: =TEXT(F50, "MMM-YY") -> Apr-25 | H50: CV2526YPR000893 | I50: 118 | J50: 3000 | K50: LDPE NON-SLIP J1020FF20 RIL | L50: =VLOOKUP(K50, 'Items Master'!A:E,5,0) -> RIL | M50: =VLOOKUP(K50, 'Items Master'!A:D,4,0) -> LDPE | N50: Outright | Q50: 45759 | R50: =TEXT(Q50, "MMM-YY") -> Apr-25 | W50: 118 | AN50: =SUM(AB50:AM50) -> 0 | AP50: =I50-W50-X50-AN50 -> 0 | AQ50: Verified & Closed
A51: =A50+1 -> 49 | B51: Purchase | C51: Bangalore WH | D51: CHAKRAPANI VYAPAR PRIVATE LIMITED | E51: =IFERROR(VLOOKUP(D51,Dropdown!A:B,2,0),D51) -> CVPL | F51: 45759 | G51: =TEXT(F51, "MMM-YY") -> Apr-25 | H51: CV2526YPR000910 | I51: 127.25 | J51: 500 | K51: LDPE MOULD 16MA400 RIL | L51: =VLOOKUP(K51, 'Items Master'!A:E,5,0) -> RIL | M51: =VLOOKUP(K51, 'Items Master'!A:D,4,0) -> LDPE | N51: Outright | Q51: 45759 | R51: =TEXT(Q51, "MMM-YY") -> Apr-25 | W51: 127.25 | AN51: =SUM(AB51:AM51) -> 0 | AP51: =I51-W51-X51-AN51 -> 0 | AQ51: Verified & Closed
A52: =A51+1 -> 50 | B52: Purchase | C52: Chennai Office | D52: AMBIKA PETROCHEM PRIVATE LIMITED | E52: =IFERROR(VLOOKUP(D52,Dropdown!A:B,2,0),D52) -> AMBIKA PETROCHEM PRIVATE LIMITED | F52: 45759 | G52: =TEXT(F52, "MMM-YY") -> Apr-25 | H52: APPLKAR/GST/55 | I52: 91.75 | J52: 25000 | K52: HDPE HM FILM TR144 MARLEX | L52: =VLOOKUP(K52, 'Items Master'!A:E,5,0) -> MARLEX | M52: =VLOOKUP(K52, 'Items Master'!A:D,4,0) -> HDPE | N52: Outright | Q52: 45759 | R52: =TEXT(Q52, "MMM-YY") -> Apr-25 | W52: 91.75 | AN52: =SUM(AB52:AM52) -> 0 | AP52: =I52-W52-X52-AN52 -> 0 | AQ52: Verified & Closed
A53: =A52+1 -> 51 | B53: Purchase | C53: Chennai Office | D53: SHRINATH ROTOPACK (MP) PRIVATE LIMITED | E53: =IFERROR(VLOOKUP(D53,Dropdown!A:B,2,0),D53) -> SHRINATH ROTOPACK (MP) PRIVATE LIMITED | F53: 45759 | G53: =TEXT(F53, "MMM-YY") -> Apr-25 | H53: TN/25-26/27 | I53: 66 | J53: 12000 | K53: PVC RESIN SG5 - ERDOS | L53: =VLOOKUP(K53, 'Items Master'!A:E,5,0) -> ERDOS | M53: =VLOOKUP(K53, 'Items Master'!A:D,4,0) -> PVC | N53: Outright | Q53: 45759 | R53: =TEXT(Q53, "MMM-YY") -> Apr-25 | W53: 66 | AN53: =SUM(AB53:AM53) -> 0 | AP53: =I53-W53-X53-AN53 -> 0 | AQ53: Verified & Closed
A54: =A53+1 -> 52 | B54: Purchase | C54: Bangalore WH | D54: HARISHREE POLYMERS PRIVATE LIMITED | E54: =IFERROR(VLOOKUP(D54,Dropdown!A:B,2,0),D54) -> HARISHREE POLYMERS PRIVATE LIMITED | F54: 45760 | G54: =TEXT(F54, "MMM-YY") -> Apr-25 | H54: HS/2526/00279 | I54: 91 | J54: 10000 | K54: HDPE HM F52H04 OPAL | L54: =VLOOKUP(K54, 'Items Master'!A:E,5,0) -> OPAL | M54: =VLOOKUP(K54, 'Items Master'!A:D,4,0) -> HDPE | N54: Outright | Q54: 45760 | R54: =TEXT(Q54, "MMM-YY") -> Apr-25 | W54: 91 | AN54: =SUM(AB54:AM54) -> 0 | AP54: =I54-W54-X54-AN54 -> 0 | AQ54: Verified & Closed
A55: =A54+1 -> 53 | B55: Purchase | C55: Bangalore WH | D55: BULK LIQUID SOLUTIONS PVT LTD | E55: =IFERROR(VLOOKUP(D55,Dropdown!A:B,2,0),D55) -> BULK LIQUID SOLUTIONS PVT LTD | F55: 45761 | G55: =TEXT(F55, "MMM-YY") -> Apr-25 | H55: B016/25-56 | I55: 95 | J55: 10000 | K55: PP RAFFIA PPH-T03 SINOPEC | L55: =VLOOKUP(K55, 'Items Master'!A:E,5,0) -> SINOPEC | M55: =VLOOKUP(K55, 'Items Master'!A:D,4,0) -> PP | N55: Outright | Q55: 45761 | R55: =TEXT(Q55, "MMM-YY") -> Apr-25 | W55: 95 | AN55: =SUM(AB55:AM55) -> 0 | AP55: =I55-W55-X55-AN55 -> 0 | AQ55: Verified & Closed
A56: =A55+1 -> 54 | B56: Purchase | C56: Bangalore WH | D56: PARAGON RESIN LLP | E56: =IFERROR(VLOOKUP(D56,Dropdown!A:B,2,0),D56) -> Paragon | F56: 45761 | G56: =TEXT(F56, "MMM-YY") -> Apr-25 | H56: 283 | I56: 122 | J56: 5000 | K56: LDPE J1005FY20 RIL | L56: =VLOOKUP(K56, 'Items Master'!A:E,5,0) -> RIL | M56: =VLOOKUP(K56, 'Items Master'!A:D,4,0) -> LDPE | N56: Outright | Q56: 45761 | R56: =TEXT(Q56, "MMM-YY") -> Apr-25 | W56: 122 | AN56: =SUM(AB56:AM56) -> 0 | AP56: =I56-W56-X56-AN56 -> 0 | AQ56: Verified & Closed
A57: =A56+1 -> 55 | B57: Purchase | C57: Bangalore WH | D57: HARISHREE POLYMERS PRIVATE LIMITED | E57: =IFERROR(VLOOKUP(D57,Dropdown!A:B,2,0),D57) -> HARISHREE POLYMERS PRIVATE LIMITED | F57: 45761 | G57: =TEXT(F57, "MMM-YY") -> Apr-25 | H57: HS/2526/00291 | I57: 91.5 | J57: 5000 | K57: HDPE HM F52H04 OPAL | L57: =VLOOKUP(K57, 'Items Master'!A:E,5,0) -> OPAL | M57: =VLOOKUP(K57, 'Items Master'!A:D,4,0) -> HDPE | N57: Outright | Q57: 45761 | R57: =TEXT(Q57, "MMM-YY") -> Apr-25 | W57: 91.5 | AN57: =SUM(AB57:AM57) -> 0 | AP57: =I57-W57-X57-AN57 -> 0 | AQ57: Verified & Closed
A58: =A57+1 -> 56 | B58: Purchase | C58: Bangalore WH | D58: HARISHREE POLYMERS PRIVATE LIMITED | E58: =IFERROR(VLOOKUP(D58,Dropdown!A:B,2,0),D58) -> HARISHREE POLYMERS PRIVATE LIMITED | F58: 45761 | G58: =TEXT(F58, "MMM-YY") -> Apr-25 | H58: HS/2526/00291 | I58: 93.5 | J58: 5000 | K58: HDPE RAFFIA Y5710 OPAL | L58: =VLOOKUP(K58, 'Items Master'!A:E,5,0) -> OPAL | M58: =VLOOKUP(K58, 'Items Master'!A:D,4,0) -> HDPE | N58: Outright | Q58: 45761 | R58: =TEXT(Q58, "MMM-YY") -> Apr-25 | W58: 93.5 | AN58: =SUM(AB58:AM58) -> 0 | AP58: =I58-W58-X58-AN58 -> 0 | AQ58: Verified & Closed
A59: =A58+1 -> 57 | B59: Purchase | C59: Bangalore WH | D59: PARAGON RESIN LLP | E59: =IFERROR(VLOOKUP(D59,Dropdown!A:B,2,0),D59) -> Paragon | F59: 45761 | G59: =TEXT(F59, "MMM-YY") -> Apr-25 | H59: 277 | I59: 100.9 | J59: 3000 | K59: LLDPE NON-SLIP JF18020 RIL | L59: =VLOOKUP(K59, 'Items Master'!A:E,5,0) -> RIL | M59: =VLOOKUP(K59, 'Items Master'!A:D,4,0) -> LLDPE | N59: Discounts | Q59: 45761 | R59: =TEXT(Q59, "MMM-YY") -> Apr-25 | X59: 100.88 | AN59: =SUM(AB59:AM59) -> 0 | AP59: =I59-W59-X59-AN59 -> 0.02 | AQ59: Open
A60: =A59+1 -> 58 | B60: Purchase | C60: Bangalore WH | D60: SYNTHETIC PACKERS LIMITED | E60: =IFERROR(VLOOKUP(D60,Dropdown!A:B,2,0),D60) -> SYNTHETIC PACKERS LIMITED | F60: 45761 | G60: =TEXT(F60, "MMM-YY") -> Apr-25 | H60: SYN25/00244 | I60: 111.5 | J60: 6000 | K60: PE METALLOCENE 1018MK EXXON | L60: =VLOOKUP(K60, 'Items Master'!A:E,5,0) -> EXXON | M60: =VLOOKUP(K60, 'Items Master'!A:D,4,0) -> Metallocene | N60: Outright | Q60: 45761 | R60: =TEXT(Q60, "MMM-YY") -> Apr-25 | W60: 111.5 | AN60: =SUM(AB60:AM60) -> 0 | AP60: =I60-W60-X60-AN60 -> 0 | AQ60: Verified & Closed
A61: =A60+1 -> 59 | B61: Purchase | C61: Bangalore WH | D61: VISHAL POLYCHEM | E61: =IFERROR(VLOOKUP(D61,Dropdown!A:B,2,0),D61) -> VISHAL POLYCHEM | F61: 45762 | G61: =TEXT(F61, "MMM-YY") -> Apr-25 | H61: 30/2025-26 | I61: 78.8 | J61: 14000 | K61: PVC SUSPENSION RESIN LS100H | L61: =VLOOKUP(K61, 'Items Master'!A:E,5,0) -> LG | M61: =VLOOKUP(K61, 'Items Master'!A:D,4,0) -> PVC | N61: Outright | Q61: 45762 | R61: =TEXT(Q61, "MMM-YY") -> Apr-25 | W61: 78.8 | AN61: =SUM(AB61:AM61) -> 0 | AP61: =I61-W61-X61-AN61 -> 0 | AQ61: Verified & Closed
A62: =A61+1 -> 60 | B62: Purchase | C62: Bangalore WH | D62: CHAKRAPANI VYAPAR PRIVATE LIMITED | E62: =IFERROR(VLOOKUP(D62,Dropdown!A:B,2,0),D62) -> CVPL | F62: 45762 | G62: =TEXT(F62, "MMM-YY") -> Apr-25 | H62: CV2526TVK000075 | I62: 102 | J62: 1750 | K62: PP TQ FILM HF010 MRPL | L62: =VLOOKUP(K62, 'Items Master'!A:E,5,0) -> MRPL | M62: =VLOOKUP(K62, 'Items Master'!A:D,4,0) -> PP | N62: Discounts | O62: with Discount | Q62: 45762 | R62: =TEXT(Q62, "MMM-YY") -> Apr-25 | X62: 102.046 | AN62: =SUM(AB62:AM62) -> 0 | AP62: =I62-W62-X62-AN62 -> -0.046 | AQ62: Open
A63: =A62+1 -> 61 | B63: Purchase | C63: Bangalore WH | D63: SHUBHAM INTERNATIONAL PRIVATE LIMITED | E63: =IFERROR(VLOOKUP(D63,Dropdown!A:B,2,0),D63) -> SHUBHAM INTERNATIONAL PRIVATE LIMITED | F63: 45762 | G63: =TEXT(F63, "MMM-YY") -> Apr-25 | H63: 91 | I63: 105.78 | J63: 3000 | K63: PP IMPACT COPOLYMER C080MA RIL | L63: =VLOOKUP(K63, 'Items Master'!A:E,5,0) -> RIL | M63: =VLOOKUP(K63, 'Items Master'!A:D,4,0) -> PP ICP | N63: Outright | Q63: 45762 | R63: =TEXT(Q63, "MMM-YY") -> Apr-25 | W63: 105.78 | AN63: =SUM(AB63:AM63) -> 0 | AP63: =I63-W63-X63-AN63 -> 0 | AQ63: Verified & Closed
A64: =A63+1 -> 62 | B64: Purchase | C64: Bangalore WH | D64: SIGMA CHEMTRADE PRIVATE LIMITED | E64: =IFERROR(VLOOKUP(D64,Dropdown!A:B,2,0),D64) -> SIGMA CHEMTRADE PRIVATE LIMITED | F64: 45762 | G64: =TEXT(F64, "MMM-YY") -> Apr-25 | H64: CM/2526/1042499 | I64: 101 | J64: 15000 | K64: PP RANDOM RE420MO BOROUGE | L64: =VLOOKUP(K64, 'Items Master'!A:E,5,0) -> BOROUGE | M64: =VLOOKUP(K64, 'Items Master'!A:D,4,0) -> PP RCP | N64: Outright | Q64: 45762 | R64: =TEXT(Q64, "MMM-YY") -> Apr-25 | W64: 101 | AN64: =SUM(AB64:AM64) -> 0 | AP64: =I64-W64-X64-AN64 -> 0 | AQ64: Verified & Closed
A65: =A64+1 -> 63 | B65: Purchase | C65: Bangalore WH | D65: PRESTINE VENTURES PRIVATE LIMITED | E65: =IFERROR(VLOOKUP(D65,Dropdown!A:B,2,0),D65) -> Prestine | F65: 45762 | G65: =TEXT(F65, "MMM-YY") -> Apr-25 | H65: HYD/108 | I65: 101.74 | J65: 10000 | K65: PP RAFFIA H030SG RIL | L65: =VLOOKUP(K65, 'Items Master'!A:E,5,0) -> RIL | M65: =VLOOKUP(K65, 'Items Master'!A:D,4,0) -> PP | N65: Outright | Q65: 45762 | R65: =TEXT(Q65, "MMM-YY") -> Apr-25 | W65: 101.74 | AN65: =SUM(AB65:AM65) -> 0 | AP65: =I65-W65-X65-AN65 -> 0 | AQ65: Verified & Closed
A66: =A65+1 -> 64 | B66: Purchase | C66: Bangalore WH | D66: CHAKRAPANI VYAPAR PRIVATE LIMITED | E66: =IFERROR(VLOOKUP(D66,Dropdown!A:B,2,0),D66) -> CVPL | F66: 45762 | G66: =TEXT(F66, "MMM-YY") -> Apr-25 | H66: CV2526TVK000081 | I66: 94.25 | J66: 2000 | K66: HDPE GPBM B63A003 GAIL | L66: =VLOOKUP(K66, 'Items Master'!A:E,5,0) -> GAIL | M66: =VLOOKUP(K66, 'Items Master'!A:D,4,0) -> HDPE | N66: Outright | Q66: 45762 | R66: =TEXT(Q66, "MMM-YY") -> Apr-25 | W66: 94.25 | AN66: =SUM(AB66:AM66) -> 0 | AP66: =I66-W66-X66-AN66 -> 0 | AQ66: Verified & Closed
A67: =A66+1 -> 65 | B67: Purchase | C67: Bangalore WH | D67: PARAGON RESIN LLP | E67: =IFERROR(VLOOKUP(D67,Dropdown!A:B,2,0),D67) -> Paragon | F67: 45762 | G67: =TEXT(F67, "MMM-YY") -> Apr-25 | H67: 302 | I67: 97.98 | J67: 10175 | K67: HDPE GPBM B56003 RIL | L67: =VLOOKUP(K67, 'Items Master'!A:E,5,0) -> RIL | M67: =VLOOKUP(K67, 'Items Master'!A:D,4,0) -> HDPE | N67: Discounts | Q67: 45762 | R67: =TEXT(Q67, "MMM-YY") -> Apr-25 | X67: 97.98 | AN67: =SUM(AB67:AM67) -> 0 | AP67: =I67-W67-X67-AN67 -> 0 | AQ67: Open
A68: =A67+1 -> 66 | B68: Purchase | C68: Bangalore WH | D68: SYNTHETIC PACKERS LIMITED | E68: =IFERROR(VLOOKUP(D68,Dropdown!A:B,2,0),D68) -> SYNTHETIC PACKERS LIMITED | F68: 45762 | G68: =TEXT(F68, "MMM-YY") -> Apr-25 | H68: SYN25/00268 | I68: 91.25 | J68: 14750 | K68: HD HM 6097 LUBAN | L68: =VLOOKUP(K68, 'Items Master'!A:E,5,0) -> LUBAN | M68: =VLOOKUP(K68, 'Items Master'!A:D,4,0) -> HDPE | N68: Outright | Q68: 45762 | R68: =TEXT(Q68, "MMM-YY") -> Apr-25 | W68: 91.25 | AN68: =SUM(AB68:AM68) -> 0 | AP68: =I68-W68-X68-AN68 -> 0 | AQ68: Verified & Closed
A69: =A68+1 -> 67 | B69: Purchase | C69: Chennai Office | D69: SYNTHETIC PACKERS LIMITED | E69: =IFERROR(VLOOKUP(D69,Dropdown!A:B,2,0),D69) -> SYNTHETIC PACKERS LIMITED | F69: 45762 | G69: =TEXT(F69, "MMM-YY") -> Apr-25 | H69: SYN25/00270 | I69: 109.5 | J69: 35000 | K69: LLDPE METALLOCENE SLIP 1018RK EXXON | L69: =VLOOKUP(K69, 'Items Master'!A:E,5,0) -> EXXON | M69: =VLOOKUP(K69, 'Items Master'!A:D,4,0) -> LLDPE | N69: Outright | Q69: 45762 | R69: =TEXT(Q69, "MMM-YY") -> Apr-25 | W69: 109.5 | AN69: =SUM(AB69:AM69) -> 0 | AP69: =I69-W69-X69-AN69 -> 0 | AQ69: Verified & Closed
A70: =A69+1 -> 68 | B70: Purchase | C70: Chennai Office | D70: SYNTHETIC PACKERS LIMITED | E70: =IFERROR(VLOOKUP(D70,Dropdown!A:B,2,0),D70) -> SYNTHETIC PACKERS LIMITED | F70: 45762 | G70: =TEXT(F70, "MMM-YY") -> Apr-25 | H70: SYN25/00271 | I70: 91.25 | J70: 12000 | K70: HD HM 6097 LUBAN | L70: =VLOOKUP(K70, 'Items Master'!A:E,5,0) -> LUBAN | M70: =VLOOKUP(K70, 'Items Master'!A:D,4,0) -> HDPE | N70: Outright | Q70: 45762 | R70: =TEXT(Q70, "MMM-YY") -> Apr-25 | W70: 91.25 | AN70: =SUM(AB70:AM70) -> 0 | AP70: =I70-W70-X70-AN70 -> 0 | AQ70: Verified & Closed
A71: =A70+1 -> 69 | B71: Purchase | C71: Chennai Office | D71: SYNTHETIC PACKERS LIMITED | E71: =IFERROR(VLOOKUP(D71,Dropdown!A:B,2,0),D71) -> SYNTHETIC PACKERS LIMITED | F71: 45762 | G71: =TEXT(F71, "MMM-YY") -> Apr-25 | H71: SYN25/00272 | I71: 91.25 | J71: 25000 | K71: HD HM 6097 LUBAN | L71: =VLOOKUP(K71, 'Items Master'!A:E,5,0) -> LUBAN | M71: =VLOOKUP(K71, 'Items Master'!A:D,4,0) -> HDPE | N71: Outright | Q71: 45762 | R71: =TEXT(Q71, "MMM-YY") -> Apr-25 | W71: 91.25 | AN71: =SUM(AB71:AM71) -> 0 | AP71: =I71-W71-X71-AN71 -> 0 | AQ71: Verified & Closed
A72: =A71+1 -> 70 | B72: Purchase | C72: Chennai Office | D72: D R POLYMERS PRIVATE LIMITED | E72: =IFERROR(VLOOKUP(D72,Dropdown!A:B,2,0),D72) -> D R POLYMERS PRIVATE LIMITED | F72: 45762 | G72: =TEXT(F72, "MMM-YY") -> Apr-25 | H72: CN000027 | I72: 67.85 | J72: 10000 | K72: PVC SUSPENSION RESIN HS1000R | L72: =VLOOKUP(K72, 'Items Master'!A:E,5,0) -> HANWHA | M72: =VLOOKUP(K72, 'Items Master'!A:D,4,0) -> PVC | N72: Outright | Q72: 45762 | R72: =TEXT(Q72, "MMM-YY") -> Apr-25 | W72: 67.85 | AN72: =SUM(AB72:AM72) -> 0 | AP72: =I72-W72-X72-AN72 -> 0 | AQ72: Verified & Closed
A73: =A72+1 -> 71 | B73: Purchase | C73: Bangalore WH | D73: INTIME VINCOM PRIVATE LIMITED | E73: =IFERROR(VLOOKUP(D73,Dropdown!A:B,2,0),D73) -> Intime | F73: 45763 | G73: =TEXT(F73, "MMM-YY") -> Apr-25 | H73: A-76/2025-26 | I73: 100.974 | J73: 4000 | K73: LLDPE F18S010UA GAIL | L73: =VLOOKUP(K73, 'Items Master'!A:E,5,0) -> GAIL | M73: =VLOOKUP(K73, 'Items Master'!A:D,4,0) -> LLDPE | N73: Discounts | O73: With Discount | Q73: 45763 | R73: =TEXT(Q73, "MMM-YY") -> Apr-25 | X73: 101.044 | AN73: =SUM(AB73:AM73) -> 0 | AP73: =I73-W73-X73-AN73 -> -0.07 | AQ73: Open
A74: =A73+1 -> 72 | B74: Purchase | C74: Bangalore WH | D74: INTIME VINCOM PRIVATE LIMITED | E74: =IFERROR(VLOOKUP(D74,Dropdown!A:B,2,0),D74) -> Intime | F74: 45763 | G74: =TEXT(F74, "MMM-YY") -> Apr-25 | H74: A-76/2025-26 | I74: 99.933 | J74: 7000 | K74: LLDPE SLIP F20S010IA BCPL | L74: =VLOOKUP(K74, 'Items Master'!A:E,5,0) -> BCPL | M74: =VLOOKUP(K74, 'Items Master'!A:D,4,0) -> LLDPE | N74: Discounts | Q74: 45763 | R74: =TEXT(Q74, "MMM-YY") -> Apr-25 | X74: 99.933 | AN74: =SUM(AB74:AM74) -> 0 | AP74: =I74-W74-X74-AN74 -> 0 | AQ74: Open
A75: =A74+1 -> 73 | B75: Purchase | C75: Bangalore WH | D75: CHAKRAPANI VYAPAR PRIVATE LIMITED | E75: =IFERROR(VLOOKUP(D75,Dropdown!A:B,2,0),D75) -> CVPL | F75: 45763 | G75: =TEXT(F75, "MMM-YY") -> Apr-25 | H75: CV2526YPR001100 | I75: 93.25 | J75: 1000 | K75: HDPE HM F0050D HMEL | L75: =VLOOKUP(K75, 'Items Master'!A:E,5,0) -> HMEL | M75: =VLOOKUP(K75, 'Items Master'!A:D,4,0) -> HDPE | N75: Outright | Q75: 45763 | R75: =TEXT(Q75, "MMM-YY") -> Apr-25 | W75: 93.25 | AN75: =SUM(AB75:AM75) -> 0 | AP75: =I75-W75-X75-AN75 -> 0 | AQ75: Verified & Closed
A76: =A75+1 -> 74 | B76: Purchase | C76: Bangalore WH | D76: APEX TECHNO POLYMER PRIVATE LIMITED | E76: =IFERROR(VLOOKUP(D76,Dropdown!A:B,2,0),D76) -> APEX TECHNO POLYMER PRIVATE LIMITED | F76: 45763 | G76: =TEXT(F76, "MMM-YY") -> Apr-25 | H76: IN25-26/BLR/0113 | I76: 157 | J76: 500 | K76: ABS MOULD HI121H LG | L76: =VLOOKUP(K76, 'Items Master'!A:E,5,0) -> LG | M76: =VLOOKUP(K76, 'Items Master'!A:D,4,0) -> ABS | N76: Outright | Q76: 45763 | R76: =TEXT(Q76, "MMM-YY") -> Apr-25 | W76: 157 | AN76: =SUM(AB76:AM76) -> 0 | AP76: =I76-W76-X76-AN76 -> 0 | AQ76: Verified & Closed
A77: =A76+1 -> 75 | B77: Purchase | C77: Bangalore WH | D77: PARAGON RESIN LLP | E77: =IFERROR(VLOOKUP(D77,Dropdown!A:B,2,0),D77) -> Paragon | F77: 45763 | G77: =TEXT(F77, "MMM-YY") -> Apr-25 | H77: 320 | I77: 100.9 | J77: 3500 | K77: LLDPE SLIP JF19010 RIL | L77: =VLOOKUP(K77, 'Items Master'!A:E,5,0) -> RIL | M77: =VLOOKUP(K77, 'Items Master'!A:D,4,0) -> LLDPE | N77: Discounts | Q77: 45763 | R77: =TEXT(Q77, "MMM-YY") -> Apr-25 | X77: 100.88 | AN77: =SUM(AB77:AM77) -> 0 | AP77: =I77-W77-X77-AN77 -> 0.02 | AQ77: Open
A78: =A77+1 -> 76 | B78: Purchase | C78: Bangalore WH | D78: SIM POLYMERS LLP | E78: =IFERROR(VLOOKUP(D78,Dropdown!A:B,2,0),D78) -> SIM POLYMERS LLP | F78: 45763 | G78: =TEXT(F78, "MMM-YY") -> Apr-25 | H78: SPLMH/038/25-26 | I78: 117 | J78: 10000 | K78: LDPE SLIP 2427K BASELL | L78: =VLOOKUP(K78, 'Items Master'!A:E,5,0) -> BASELL | M78: =VLOOKUP(K78, 'Items Master'!A:D,4,0) -> LDPE | N78: Outright | Q78: 45763 | R78: =TEXT(Q78, "MMM-YY") -> Apr-25 | W78: 117 | AN78: =SUM(AB78:AM78) -> 0 | AP78: =I78-W78-X78-AN78 -> 0 | AQ78: Verified & Closed
A79: =A78+1 -> 77 | B79: Purchase | C79: Bangalore WH | D79: SIDDHARTH POLYMERS PRIVATE LIMITED | E79: =IFERROR(VLOOKUP(D79,Dropdown!A:B,2,0),D79) -> SIDDHARTH POLYMERS PRIVATE LIMITED | F79: 45763 | G79: =TEXT(F79, "MMM-YY") -> Apr-25 | H79: TRA/0090/25-26 | I79: 104 | J79: 10000 | K79: PP CP B120MA RIL | L79: =VLOOKUP(K79, 'Items Master'!A:E,5,0) -> RIL | M79: =VLOOKUP(K79, 'Items Master'!A:D,4,0) -> PP ICP | N79: Outright | Q79: 45763 | R79: =TEXT(Q79, "MMM-YY") -> Apr-25 | W79: 104 | AN79: =SUM(AB79:AM79) -> 0 | AP79: =I79-W79-X79-AN79 -> 0 | AQ79: Verified & Closed
A80: =A79+1 -> 78 | B80: Purchase | C80: Bangalore WH | D80: SIDDHARTH POLYMERS PRIVATE LIMITED | E80: =IFERROR(VLOOKUP(D80,Dropdown!A:B,2,0),D80) -> SIDDHARTH POLYMERS PRIVATE LIMITED | F80: 45763 | G80: =TEXT(F80, "MMM-YY") -> Apr-25 | H80: TRA/0090/25-26 | I80: 104.25 | J80: 1250 | K80: PP IMPACT COPOLYMER C080MA RIL | L80: =VLOOKUP(K80, 'Items Master'!A:E,5,0) -> RIL | M80: =VLOOKUP(K80, 'Items Master'!A:D,4,0) -> PP ICP | N80: Outright | Q80: 45763 | R80: =TEXT(Q80, "MMM-YY") -> Apr-25 | W80: 104.25 | AN80: =SUM(AB80:AM80) -> 0 | AP80: =I80-W80-X80-AN80 -> 0 | AQ80: Verified & Closed
A81: =A80+1 -> 79 | B81: Purchase | C81: Bangalore WH | D81: SHUBHAM INTERNATIONAL PRIVATE LIMITED | E81: =IFERROR(VLOOKUP(D81,Dropdown!A:B,2,0),D81) -> SHUBHAM INTERNATIONAL PRIVATE LIMITED | F81: 45763 | G81: =TEXT(F81, "MMM-YY") -> Apr-25 | H81: 98 | I81: 102.75 | J81: 6000 | K81: HDPE HM F52H04 OPAL | L81: =VLOOKUP(K81, 'Items Master'!A:E,5,0) -> OPAL | M81: =VLOOKUP(K81, 'Items Master'!A:D,4,0) -> HDPE | N81: Outright | Q81: 45763 | R81: =TEXT(Q81, "MMM-YY") -> Apr-25 | W81: 102.75 | AN81: =SUM(AB81:AM81) -> 0 | AP81: =I81-W81-X81-AN81 -> 0 | AQ81: Verified & Closed
A82: =A81+1 -> 80 | B82: Purchase | C82: Bangalore WH | D82: K V N IMPEX PVT LTD | E82: =IFERROR(VLOOKUP(D82,Dropdown!A:B,2,0),D82) -> K V N IMPEX PVT LTD | F82: 45763 | G82: =TEXT(F82, "MMM-YY") -> Apr-25 | H82: EKM/KVN/-288 | I82: 98.75 | J82: 16000 | K82: PP THERMO HC205TF BOROUGE | L82: =VLOOKUP(K82, 'Items Master'!A:E,5,0) -> BOROUGE | M82: =VLOOKUP(K82, 'Items Master'!A:D,4,0) -> PP | N82: Outright | Q82: 45763 | R82: =TEXT(Q82, "MMM-YY") -> Apr-25 | W82: 98.75 | AN82: =SUM(AB82:AM82) -> 0 | AP82: =I82-W82-X82-AN82 -> 0 | AQ82: Verified & Closed
A83: =A82+1 -> 81 | B83: Purchase | C83: Bangalore WH | D83: PARAGON RESIN LLP | E83: =IFERROR(VLOOKUP(D83,Dropdown!A:B,2,0),D83) -> Paragon | F83: 45764 | G83: =TEXT(F83, "MMM-YY") -> Apr-25 | H83: 340 | I83: 100.9 | J83: 3000 | K83: LLDPE SLIP JF19010 RIL | L83: =VLOOKUP(K83, 'Items Master'!A:E,5,0) -> RIL | M83: =VLOOKUP(K83, 'Items Master'!A:D,4,0) -> LLDPE | N83: Discounts | Q83: 45764 | R83: =TEXT(Q83, "MMM-YY") -> Apr-25 | X83: 100.88 | AN83: =SUM(AB83:AM83) -> 0 | AP83: =I83-W83-X83-AN83 -> 0.02 | AQ83: Open
A84: =A83+1 -> 82 | B84: Purchase | C84: Bangalore WH | D84: PARAGON RESIN LLP | E84: =IFERROR(VLOOKUP(D84,Dropdown!A:B,2,0),D84) -> Paragon | F84: 45764 | G84: =TEXT(F84, "MMM-YY") -> Apr-25 | H84: 341 | I84: 102.56 | J84: 2500 | K84: PP TQ H100EY RIL | L84: =VLOOKUP(K84, 'Items Master'!A:E,5,0) -> RIL | M84: =VLOOKUP(K84, 'Items Master'!A:D,4,0) -> PP | N84: Discounts | Q84: 45764 | R84: =TEXT(Q84, "MMM-YY") -> Apr-25 | X84: 100.88 | AN84: =SUM(AB84:AM84) -> 0 | AP84: =I84-W84-X84-AN84 -> 1.68 | AQ84: Open
A85: =A84+1 -> 83 | B85: Purchase | C85: Bangalore WH | D85: LPB Plastic Private Limited | E85: =IFERROR(VLOOKUP(D85,Dropdown!A:B,2,0),D85) -> LPB Plastic Private Limited | F85: 45764 | G85: =TEXT(F85, "MMM-YY") -> Apr-25 | H85: CKLR/044/25-26 | I85: 98.5 | J85: 10000 | K85: LLDPE NON-SLIP F0218L HMEL | L85: =VLOOKUP(K85, 'Items Master'!A:E,5,0) -> HMEL | M85: =VLOOKUP(K85, 'Items Master'!A:D,4,0) -> LLDPE | N85: Outright | Q85: 45764 | R85: =TEXT(Q85, "MMM-YY") -> Apr-25 | W85: 98.5 | AN85: =SUM(AB85:AM85) -> 0 | AP85: =I85-W85-X85-AN85 -> 0 | AQ85: Verified & Closed
A86: =A85+1 -> 84 | B86: Purchase | C86: Bangalore WH | D86: SHUBHAM INTERNATIONAL PRIVATE LIMITED | E86: =IFERROR(VLOOKUP(D86,Dropdown!A:B,2,0),D86) -> SHUBHAM INTERNATIONAL PRIVATE LIMITED | F86: 45764 | G86: =TEXT(F86, "MMM-YY") -> Apr-25 | H86: 101 | I86: 105.78 | J86: 2500 | K86: PP IMPACT COPOLYMER C080MA RIL | L86: =VLOOKUP(K86, 'Items Master'!A:E,5,0) -> RIL | M86: =VLOOKUP(K86, 'Items Master'!A:D,4,0) -> PP ICP | N86: Outright | Q86: 45764 | R86: =TEXT(Q86, "MMM-YY") -> Apr-25 | W86: 105.78 | AN86: =SUM(AB86:AM86) -> 0 | AP86: =I86-W86-X86-AN86 -> 0 | AQ86: Verified & Closed
A87: =A86+1 -> 85 | B87: Purchase | C87: Bangalore WH | D87: PARAGON RESIN LLP | E87: =IFERROR(VLOOKUP(D87,Dropdown!A:B,2,0),D87) -> Paragon | F87: 45764 | G87: =TEXT(F87, "MMM-YY") -> Apr-25 | H87: 344 | I87: 109.78 | J87: 50 | K87: PP RCP SRM100NC RIL | L87: =VLOOKUP(K87, 'Items Master'!A:E,5,0) -> RIL | M87: =VLOOKUP(K87, 'Items Master'!A:D,4,0) -> PP RCP | N87: Discounts | Q87: 45764 | R87: =TEXT(Q87, "MMM-YY") -> Apr-25 | X87: 109.78 | AN87: =SUM(AB87:AM87) -> 0 | AP87: =I87-W87-X87-AN87 -> 0 | AQ87: Open
A88: =A87+1 -> 86 | B88: Purchase | C88: Bangalore WH | D88: SYNTHETIC PACKERS LIMITED | E88: =IFERROR(VLOOKUP(D88,Dropdown!A:B,2,0),D88) -> SYNTHETIC PACKERS LIMITED | F88: 45764 | G88: =TEXT(F88, "MMM-YY") -> Apr-25 | H88: SYN25/00331 | I88: 109.5 | J88: 14375 | K88: LLDPE METALLOCENE SLIP 1018RK EXXON | L88: =VLOOKUP(K88, 'Items Master'!A:E,5,0) -> EXXON | M88: =VLOOKUP(K88, 'Items Master'!A:D,4,0) -> LLDPE | N88: Outright | Q88: 45764 | R88: =TEXT(Q88, "MMM-YY") -> Apr-25 | W88: 109.5 | AN88: =SUM(AB88:AM88) -> 0 | AP88: =I88-W88-X88-AN88 -> 0 | AQ88: Verified & Closed
A89: =A88+1 -> 87 | B89: Purchase | C89: Bangalore WH | D89: CHAKRAPANI VYAPAR PRIVATE LIMITED | E89: =IFERROR(VLOOKUP(D89,Dropdown!A:B,2,0),D89) -> CVPL | F89: 45764 | G89: =TEXT(F89, "MMM-YY") -> Apr-25 | H89: CV2526BGP000168 | I89: 96.25 | J89: 1000 | K89: LLDPE SLIP F20S009 GAIL | L89: =VLOOKUP(K89, 'Items Master'!A:E,5,0) -> GAIL | M89: =VLOOKUP(K89, 'Items Master'!A:D,4,0) -> LLDPE | N89: Outright | Q89: 45764 | R89: =TEXT(Q89, "MMM-YY") -> Apr-25 | W89: 96.25 | AN89: =SUM(AB89:AM89) -> 0 | AP89: =I89-W89-X89-AN89 -> 0 | AQ89: Verified & Closed
A90: =A89+1 -> 88 | B90: Purchase | C90: Bangalore WH | D90: CHAKRAPANI VYAPAR PRIVATE LIMITED | E90: =IFERROR(VLOOKUP(D90,Dropdown!A:B,2,0),D90) -> CVPL | F90: 45764 | G90: =TEXT(F90, "MMM-YY") -> Apr-25 | H90: CV2526BGP000168 | I90: 120.25 | J90: 100 | K90: LD SLIP J24FS040 RIL | L90: =VLOOKUP(K90, 'Items Master'!A:E,5,0) -> RIL | M90: =VLOOKUP(K90, 'Items Master'!A:D,4,0) -> LDPE | N90: Outright | Q90: 45764 | R90: =TEXT(Q90, "MMM-YY") -> Apr-25 | W90: 120.25 | AN90: =SUM(AB90:AM90) -> 0 | AP90: =I90-W90-X90-AN90 -> 0 | AQ90: Verified & Closed
A91: =A90+1 -> 89 | B91: Purchase | C91: Bangalore WH | D91: SHUBHAM INTERNATIONAL PRIVATE LIMITED | E91: =IFERROR(VLOOKUP(D91,Dropdown!A:B,2,0),D91) -> SHUBHAM INTERNATIONAL PRIVATE LIMITED | F91: 45765 | G91: =TEXT(F91, "MMM-YY") -> Apr-25 | H91: 107 | I91: 105.78 | J91: 1000 | K91: PP IMPACT COPOLYMER C080MA RIL | L91: =VLOOKUP(K91, 'Items Master'!A:E,5,0) -> RIL | M91: =VLOOKUP(K91, 'Items Master'!A:D,4,0) -> PP ICP | N91: Outright | Q91: 45765 | R91: =TEXT(Q91, "MMM-YY") -> Apr-25 | W91: 105.78 | AN91: =SUM(AB91:AM91) -> 0 | AP91: =I91-W91-X91-AN91 -> 0 | AQ91: Verified & Closed
A92: =A91+1 -> 90 | B92: Purchase | C92: Bangalore WH | D92: HARISHREE POLYMERS PRIVATE LIMITED | E92: =IFERROR(VLOOKUP(D92,Dropdown!A:B,2,0),D92) -> HARISHREE POLYMERS PRIVATE LIMITED | F92: 45765 | G92: =TEXT(F92, "MMM-YY") -> Apr-25 | H92: HS/2526/00362 | I92: 92 | J92: 8000 | K92: HDPE HM F52H04 OPAL | L92: =VLOOKUP(K92, 'Items Master'!A:E,5,0) -> OPAL | M92: =VLOOKUP(K92, 'Items Master'!A:D,4,0) -> HDPE | N92: Outright | Q92: 45765 | R92: =TEXT(Q92, "MMM-YY") -> Apr-25 | W92: 92 | AN92: =SUM(AB92:AM92) -> 0 | AP92: =I92-W92-X92-AN92 -> 0 | AQ92: Verified & Closed
A93: =A92+1 -> 91 | B93: Purchase | C93: Bangalore WH | D93: HARISHREE POLYMERS PRIVATE LIMITED | E93: =IFERROR(VLOOKUP(D93,Dropdown!A:B,2,0),D93) -> HARISHREE POLYMERS PRIVATE LIMITED | F93: 45765 | G93: =TEXT(F93, "MMM-YY") -> Apr-25 | H93: HS/2526/00362 | I93: 90 | J93: 4000 | K93: HDPE GPBM B5004 OPAL | L93: =VLOOKUP(K93, 'Items Master'!A:E,5,0) -> OPAL | M93: =VLOOKUP(K93, 'Items Master'!A:D,4,0) -> HDPE | N93: Outright | Q93: 45765 | R93: =TEXT(Q93, "MMM-YY") -> Apr-25 | W93: 90 | AN93: =SUM(AB93:AM93) -> 0 | AP93: =I93-W93-X93-AN93 -> 0 | AQ93: Verified & Closed
A94: =A93+1 -> 92 | B94: Purchase | C94: Bangalore WH | D94: SYNTHETIC PACKERS LIMITED | E94: =IFERROR(VLOOKUP(D94,Dropdown!A:B,2,0),D94) -> SYNTHETIC PACKERS LIMITED | F94: 45765 | G94: =TEXT(F94, "MMM-YY") -> Apr-25 | H94: SYN25/00358 | I94: 91.25 | J94: 12500 | K94: HD HM 6097 LUBAN | L94: =VLOOKUP(K94, 'Items Master'!A:E,5,0) -> LUBAN | M94: =VLOOKUP(K94, 'Items Master'!A:D,4,0) -> HDPE | N94: Outright | Q94: 45765 | R94: =TEXT(Q94, "MMM-YY") -> Apr-25 | W94: 91.25 | AN94: =SUM(AB94:AM94) -> 0 | AP94: =I94-W94-X94-AN94 -> 0 | AQ94: Verified & Closed
A95: =A94+1 -> 93 | B95: Purchase | C95: Bangalore WH | D95: ASHOKA ENTERPRISE | E95: =IFERROR(VLOOKUP(D95,Dropdown!A:B,2,0),D95) -> ASHOKA ENTERPRISE | F95: 45766 | G95: =TEXT(F95, "MMM-YY") -> Apr-25 | H95: 2025-26/012 | I95: 71.5 | J95: 15000 | K95: PVC SUSPENSION RESIN S65D FORMOSA | L95: =VLOOKUP(K95, 'Items Master'!A:E,5,0) -> FORMOSA | M95: =VLOOKUP(K95, 'Items Master'!A:D,4,0) -> PVC | N95: Outright | Q95: 45766 | R95: =TEXT(Q95, "MMM-YY") -> Apr-25 | W95: 71.5 | AN95: =SUM(AB95:AM95) -> 0 | AP95: =I95-W95-X95-AN95 -> 0 | AQ95: Verified & Closed
A96: =A95+1 -> 94 | B96: Purchase | C96: Bangalore WH | D96: TREENITY PLY DECOR | E96: =IFERROR(VLOOKUP(D96,Dropdown!A:B,2,0),D96) -> Treenity | F96: 45766 | G96: =TEXT(F96, "MMM-YY") -> Apr-25 | H96: 80 | I96: 102 | J96: 20000 | K96: PP TQ FILM HF010 MRPL | L96: =VLOOKUP(K96, 'Items Master'!A:E,5,0) -> MRPL | M96: =VLOOKUP(K96, 'Items Master'!A:D,4,0) -> PP | N96: Discounts | Q96: 45766 | R96: =TEXT(Q96, "MMM-YY") -> Apr-25 | U96: Plant | X96: 100.35 | Y96: Ex-Works | Z96: Bangalore | AI96: 1.65 | AN96: =SUM(AB96:AM96) -> 1.65 | AP96: =I96-W96-X96-AN96 -> 5.7731597e-15 | AQ96: Verified & Closed
A97: =A96+1 -> 95 | B97: Purchase | C97: Bangalore WH | D97: TREENITY PLY DECOR | E97: =IFERROR(VLOOKUP(D97,Dropdown!A:B,2,0),D97) -> Treenity | F97: 45766 | G97: =TEXT(F97, "MMM-YY") -> Apr-25 | H97: 80 | I97: 100.55 | J97: 5000 | K97: PP RAFFIA HR003 MRPL | L97: =VLOOKUP(K97, 'Items Master'!A:E,5,0) -> MRPL | M97: =VLOOKUP(K97, 'Items Master'!A:D,4,0) -> PP | N97: Discounts | Q97: 45766 | R97: =TEXT(Q97, "MMM-YY") -> Apr-25 | U97: Plant | X97: 98.9 | Y97: Ex-Works | Z97: Bangalore | AI97: 1.65 | AN97: =SUM(AB97:AM97) -> 1.65 | AP97: =I97-W97-X97-AN97 -> -8.437695e-15 | AQ97: Verified & Closed
A98: =A97+1 -> 96 | B98: Purchase | C98: Bangalore WH | D98: TREENITY PLY DECOR | E98: =IFERROR(VLOOKUP(D98,Dropdown!A:B,2,0),D98) -> Treenity | F98: 45766 | G98: =TEXT(F98, "MMM-YY") -> Apr-25 | H98: 80 | I98: 100.4 | J98: 5000 | K98: PP IM HM012T MRPL | L98: =VLOOKUP(K98, 'Items Master'!A:E,5,0) -> MRPL | M98: =VLOOKUP(K98, 'Items Master'!A:D,4,0) -> PP | N98: Discounts | Q98: 45766 | R98: =TEXT(Q98, "MMM-YY") -> Apr-25 | U98: Plant | X98: 98.75 | Y98: Ex-Works | Z98: Bangalore | AI98: 1.65 | AN98: =SUM(AB98:AM98) -> 1.65 | AP98: =I98-W98-X98-AN98 -> 5.7731597e-15 | AQ98: Verified & Closed
A99: =A98+1 -> 97 | B99: Purchase | C99: Bangalore WH | D99: CHAKRAPANI VYAPAR PRIVATE LIMITED | E99: =IFERROR(VLOOKUP(D99,Dropdown!A:B,2,0),D99) -> CVPL | F99: 45766 | G99: =TEXT(F99, "MMM-YY") -> Apr-25 | H99: CV2526TVK000096 | I99: 100.35 | J99: 1500 | K99: PP TQ FILM HF010 MRPL | L99: =VLOOKUP(K99, 'Items Master'!A:E,5,0) -> MRPL | M99: =VLOOKUP(K99, 'Items Master'!A:D,4,0) -> PP | N99: Discounts | O99: With Discount | Q99: 45766 | R99: =TEXT(Q99, "MMM-YY") -> Apr-25 | X99: 102.046 | AN99: =SUM(AB99:AM99) -> 0 | AP99: =I99-W99-X99-AN99 -> -1.696 | AQ99: Open
A100: =A99+1 -> 98 | B100: Purchase | C100: Bangalore WH | D100: CHAKRAPANI VYAPAR PRIVATE LIMITED | E100: =IFERROR(VLOOKUP(D100,Dropdown!A:B,2,0),D100) -> CVPL | F100: 45766 | G100: =TEXT(F100, "MMM-YY") -> Apr-25 | H100: CV2526TVK000096 | I100: 98.75 | J100: 500 | K100: PP IM HM012T MRPL | L100: =VLOOKUP(K100, 'Items Master'!A:E,5,0) -> MRPL | M100: =VLOOKUP(K100, 'Items Master'!A:D,4,0) -> PP | N100: Discounts | O100: With Discount | Q100: 45766 | R100: =TEXT(Q100, "MMM-YY") -> Apr-25 | X100: 100.446 | AN100: =SUM(AB100:AM100) -> 0 | AP100: =I100-W100-X100-AN100 -> -1.696 | AQ100: Open
A101: =A100+1 -> 99 | B101: Purchase | C101: Bangalore WH | D101: SERVO PACKAGING LIMITED | E101: =IFERROR(VLOOKUP(D101,Dropdown!A:B,2,0),D101) -> SERVO PACKAGING LIMITED | F101: 45766 | G101: =TEXT(F101, "MMM-YY") -> Apr-25 | H101: SP-OT-25-26-088 | I101: 99.5 | J101: 25000 | K101: PP LAMINATION 3155 E5 EXXON | L101: =VLOOKUP(K101, 'Items Master'!A:E,5,0) -> EXXON | M101: =VLOOKUP(K101, 'Items Master'!A:D,4,0) -> PP | N101: Outright | Q101: 45766 | R101: =TEXT(Q101, "MMM-YY") -> Apr-25 | W101: 99.5 | AN101: =SUM(AB101:AM101) -> 0 | AP101: =I101-W101-X101-AN101 -> 0 | AQ101: Verified & Closed
A102: =A101+1 -> 100 | B102: Purchase | C102: Chennai Office | D102: SIDDHARTH POLYMERS PRIVATE LIMITED | E102: =IFERROR(VLOOKUP(D102,Dropdown!A:B,2,0),D102) -> SIDDHARTH POLYMERS PRIVATE LIMITED | F102: 45768 | G102: =TEXT(F102, "MMM-YY") -> Apr-25 | H102: TRA/0108/25-26 | I102: 94.5 | J102: 3000 | K102: PP IMPACT COPOLYMER C080MA RIL | L102: =VLOOKUP(K102, 'Items Master'!A:E,5,0) -> RIL | M102: =VLOOKUP(K102, 'Items Master'!A:D,4,0) -> PP ICP | N102: Outright | Q102: 45768 | R102: =TEXT(Q102, "MMM-YY") -> Apr-25 | W102: 94.5 | AN102: =SUM(AB102:AM102) -> 0 | AP102: =I102-W102-X102-AN102 -> 0 | AQ102: Verified & Closed
A103: =A102+1 -> 101 | B103: Purchase | C103: Bangalore WH | D103: KAMAKYA CHEMPLAST PRIVATE LIMITED | E103: =IFERROR(VLOOKUP(D103,Dropdown!A:B,2,0),D103) -> Kamakya | F103: 45768 | G103: =TEXT(F103, "MMM-YY") -> Apr-25 | H103: 3 | I103: 100.55 | J103: 25000 | K103: PP RAFFIA HR003 MRPL | L103: =VLOOKUP(K103, 'Items Master'!A:E,5,0) -> MRPL | M103: =VLOOKUP(K103, 'Items Master'!A:D,4,0) -> PP | N103: Discounts | Q103: 45768 | R103: =TEXT(Q103, "MMM-YY") -> Apr-25 | U103: Plant | X103: 98.9 | Y103: Ex-Works | Z103: Bangalore | AI103: 1.65 | AN103: =SUM(AB103:AM103) -> 1.65 | AP103: =I103-W103-X103-AN103 -> -8.437695e-15 | AQ103: Verified & Closed
A104: =A103+1 -> 102 | B104: Purchase | C104: Bangalore WH | D104: LPB Plastic Private Limited | E104: =IFERROR(VLOOKUP(D104,Dropdown!A:B,2,0),D104) -> LPB Plastic Private Limited | F104: 45768 | G104: =TEXT(F104, "MMM-YY") -> Apr-25 | H104: RM/124/25-26 | I104: 96.5 | J104: 5000 | K104: LLDPE NON-SLIP F0218L HMEL | L104: =VLOOKUP(K104, 'Items Master'!A:E,5,0) -> HMEL | M104: =VLOOKUP(K104, 'Items Master'!A:D,4,0) -> LLDPE | N104: Outright | Q104: 45768 | R104: =TEXT(Q104, "MMM-YY") -> Apr-25 | W104: 96.5 | AN104: =SUM(AB104:AM104) -> 0 | AP104: =I104-W104-X104-AN104 -> 0 | AQ104: Verified & Closed
A105: =A104+1 -> 103 | B105: Purchase | C105: Bangalore WH | D105: ASHOKA ENTERPRISE | E105: =IFERROR(VLOOKUP(D105,Dropdown!A:B,2,0),D105) -> ASHOKA ENTERPRISE | F105: 45769 | G105: =TEXT(F105, "MMM-YY") -> Apr-25 | H105: 2025-26/015 | I105: 71.25 | J105: 7000 | K105: PVC SUSPENSION RESIN LS100H | L105: =VLOOKUP(K105, 'Items Master'!A:E,5,0) -> LG | M105: =VLOOKUP(K105, 'Items Master'!A:D,4,0) -> PVC | N105: Outright | Q105: 45769 | R105: =TEXT(Q105, "MMM-YY") -> Apr-25 | W105: 71.25 | AN105: =SUM(AB105:AM105) -> 0 | AP105: =I105-W105-X105-AN105 -> 0 | AQ105: Verified & Closed
A106: =A105+1 -> 104 | B106: Purchase | C106: Bangalore WH | D106: ASHOKA ENTERPRISE | E106: =IFERROR(VLOOKUP(D106,Dropdown!A:B,2,0),D106) -> ASHOKA ENTERPRISE | F106: 45769 | G106: =TEXT(F106, "MMM-YY") -> Apr-25 | H106: 2025-26/015 | I106: 71.25 | J106: 3000 | K106: PVC SUSPENSION RESIN S65D FORMOSA | L106: =VLOOKUP(K106, 'Items Master'!A:E,5,0) -> FORMOSA | M106: =VLOOKUP(K106, 'Items Master'!A:D,4,0) -> PVC | N106: Outright | Q106: 45769 | R106: =TEXT(Q106, "MMM-YY") -> Apr-25 | W106: 71.25 | AN106: =SUM(AB106:AM106) -> 0 | AP106: =I106-W106-X106-AN106 -> 0 | AQ106: Verified & Closed
A107: =A106+1 -> 105 | B107: Purchase | C107: Bangalore WH | D107: APEX TECHNO POLYMER PRIVATE LIMITED | E107: =IFERROR(VLOOKUP(D107,Dropdown!A:B,2,0),D107) -> APEX TECHNO POLYMER PRIVATE LIMITED | F107: 45769 | G107: =TEXT(F107, "MMM-YY") -> Apr-25 | H107: IN25-26/BLR/0155 | I107: 157 | J107: 500 | K107: ABS MOULD HI121H LG | L107: =VLOOKUP(K107, 'Items Master'!A:E,5,0) -> LG | M107: =VLOOKUP(K107, 'Items Master'!A:D,4,0) -> ABS | N107: Outright | Q107: 45769 | R107: =TEXT(Q107, "MMM-YY") -> Apr-25 | W107: 157 | AN107: =SUM(AB107:AM107) -> 0 | AP107: =I107-W107-X107-AN107 -> 0 | AQ107: Verified & Closed
A108: =A107+1 -> 106 | B108: Purchase | C108: Bangalore WH | D108: APEX TECHNO POLYMER PRIVATE LIMITED | E108: =IFERROR(VLOOKUP(D108,Dropdown!A:B,2,0),D108) -> APEX TECHNO POLYMER PRIVATE LIMITED | F108: 45769 | G108: =TEXT(F108, "MMM-YY") -> Apr-25 | H108: IN25-26/BLR/0159 | I108: 165 | J108: 500 | K108: NYLON 1022B10 UBE | L108: =VLOOKUP(K108, 'Items Master'!A:E,5,0) -> UBE | M108: =VLOOKUP(K108, 'Items Master'!A:D,4,0) -> Nylon | N108: Outright | Q108: 45769 | R108: =TEXT(Q108, "MMM-YY") -> Apr-25 | W108: 165 | AN108: =SUM(AB108:AM108) -> 0 | AP108: =I108-W108-X108-AN108 -> 0 | AQ108: Verified & Closed
A109: =A108+1 -> 107 | B109: Purchase | C109: Bangalore WH | D109: SUN POLYTRADE LLP | E109: =IFERROR(VLOOKUP(D109,Dropdown!A:B,2,0),D109) -> SUN POLYTRADE LLP | F109: 45769 | G109: =TEXT(F109, "MMM-YY") -> Apr-25 | H109: 16/ISUN/25-26 | I109: 89 | J109: 30000 | K109: HD HM 6097 LUBAN | L109: =VLOOKUP(K109, 'Items Master'!A:E,5,0) -> LUBAN | M109: =VLOOKUP(K109, 'Items Master'!A:D,4,0) -> HDPE | N109: Outright | Q109: 45769 | R109: =TEXT(Q109, "MMM-YY") -> Apr-25 | W109: 89 | AN109: =SUM(AB109:AM109) -> 0 | AP109: =I109-W109-X109-AN109 -> 0 | AQ109: Verified & Closed
...

Sheet Supplier Wise Monthly
A1: Month | B1: 45870 | F1: =SUMIFS('<< Working >>'!J:J, '<< Working >>'!R:R, 'Supplier Wise Monthly'!B1, '<< Working >>'!D:D, 'Supplier Wise Monthly'!B2)-F4 -> 0 | G1: Check
A2: Supplier | B2: KAMAKYA CHEMPLAST PRIVATE LIMITED
C4: =SUM(C7:C66) -> 105000 | D4: =SUM(D7:D66) -> 0 | E4: =SUM(E7:E66) -> 0 | F4: =SUM(F7:F66) -> 105000 | G4: Total
C5: =SUBTOTAL(9, C7:C66) -> 105000 | D5: =SUBTOTAL(9, D7:D66) -> 0 | E5: =SUBTOTAL(9, E7:E66) -> 0 | F5: =SUM(C5:E5) -> 105000 | G5: Sub-Total
A6: Type | B6: Company | C6: Discounts | D6: Outright with Discounts | E6: Outright | F6: Total
A7: =VLOOKUP(B7, 'Items Master'!E:F,2,0) -> Domestic | B7: IOCL | C7: =SUMIFS('<< Working >>'!$J:$J, '<< Working >>'!$D:$D, 'Supplier Wise Monthly'!$B$2, '<< Working >>'!$L:$L, 'Supplier Wise Monthly'!$B7, '<< Working >>'!$N:$N, 'Supplier Wise Monthly'!C$6, '<< Working >>'!$R:$R, 'Supplier Wise Monthly'!$B$1) -> 0 | D7: =SUMIFS('<< Working >>'!$J:$J, '<< Working >>'!$D:$D, 'Supplier Wise Monthly'!$B$2, '<< Working >>'!$L:$L, 'Supplier Wise Monthly'!$B7, '<< Working >>'!$N:$N, 'Supplier Wise Monthly'!D$6, '<< Working >>'!$R:$R, 'Supplier Wise Monthly'!$B$1) -> 0 | E7: =SUMIFS('<< Working >>'!$J:$J, '<< Working >>'!$D:$D, 'Supplier Wise Monthly'!$B$2, '<< Working >>'!$L:$L, 'Supplier Wise Monthly'!$B7, '<< Working >>'!$N:$N, 'Supplier Wise Monthly'!E$6, '<< Working >>'!$R:$R, 'Supplier Wise Monthly'!$B$1) -> 0 | F7: =SUM(C7:E7) -> 0
A8: =VLOOKUP(B8, 'Items Master'!E:F,2,0) -> Domestic | B8: HMEL | C8: =SUMIFS('<< Working >>'!$J:$J, '<< Working >>'!$D:$D, 'Supplier Wise Monthly'!$B$2, '<< Working >>'!$L:$L, 'Supplier Wise Monthly'!$B8, '<< Working >>'!$N:$N, 'Supplier Wise Monthly'!C$6, '<< Working >>'!$R:$R, 'Supplier Wise Monthly'!$B$1) -> 0 | D8: =SUMIFS('<< Working >>'!$J:$J, '<< Working >>'!$D:$D, 'Supplier Wise Monthly'!$B$2, '<< Working >>'!$L:$L, 'Supplier Wise Monthly'!$B8, '<< Working >>'!$N:$N, 'Supplier Wise Monthly'!D$6, '<< Working >>'!$R:$R, 'Supplier Wise Monthly'!$B$1) -> 0 | E8: =SUMIFS('<< Working >>'!$J:$J, '<< Working >>'!$D:$D, 'Supplier Wise Monthly'!$B$2, '<< Working >>'!$L:$L, 'Supplier Wise Monthly'!$B8, '<< Working >>'!$N:$N, 'Supplier Wise Monthly'!E$6, '<< Working >>'!$R:$R, 'Supplier Wise Monthly'!$B$1) -> 0 | F8: =SUM(C8:E8) -> 0
A9: =VLOOKUP(B9, 'Items Master'!E:F,2,0) -> Domestic | B9: MRPL | C9: =SUMIFS('<< Working >>'!$J:$J, '<< Working >>'!$D:$D, 'Supplier Wise Monthly'!$B$2, '<< Working >>'!$L:$L, 'Supplier Wise Monthly'!$B9, '<< Working >>'!$N:$N, 'Supplier Wise Monthly'!C$6, '<< Working >>'!$R:$R, 'Supplier Wise Monthly'!$B$1) -> 105000 | D9: =SUMIFS('<< Working >>'!$J:$J, '<< Working >>'!$D:$D, 'Supplier Wise Monthly'!$B$2, '<< Working >>'!$L:$L, 'Supplier Wise Monthly'!$B9, '<< Working >>'!$N:$N, 'Supplier Wise Monthly'!D$6, '<< Working >>'!$R:$R, 'Supplier Wise Monthly'!$B$1) -> 0 | E9: =SUMIFS('<< Working >>'!$J:$J, '<< Working >>'!$D:$D, 'Supplier Wise Monthly'!$B$2, '<< Working >>'!$L:$L, 'Supplier Wise Monthly'!$B9, '<< Working >>'!$N:$N, 'Supplier Wise Monthly'!E$6, '<< Working >>'!$R:$R, 'Supplier Wise Monthly'!$B$1) -> 0 | F9: =SUM(C9:E9) -> 105000
A10: =VLOOKUP(B10, 'Items Master'!E:F,2,0) -> Domestic | B10: GAIL | C10: =SUMIFS('<< Working >>'!$J:$J, '<< Working >>'!$D:$D, 'Supplier Wise Monthly'!$B$2, '<< Working >>'!$L:$L, 'Supplier Wise Monthly'!$B10, '<< Working >>'!$N:$N, 'Supplier Wise Monthly'!C$6, '<< Working >>'!$R:$R, 'Supplier Wise Monthly'!$B$1) -> 0 | D10: =SUMIFS('<< Working >>'!$J:$J, '<< Working >>'!$D:$D, 'Supplier Wise Monthly'!$B$2, '<< Working >>'!$L:$L, 'Supplier Wise Monthly'!$B10, '<< Working >>'!$N:$N, 'Supplier Wise Monthly'!D$6, '<< Working >>'!$R:$R, 'Supplier Wise Monthly'!$B$1) -> 0 | E10: =SUMIFS('<< Working >>'!$J:$J, '<< Working >>'!$D:$D, 'Supplier Wise Monthly'!$B$2, '<< Working >>'!$L:$L, 'Supplier Wise Monthly'!$B10, '<< Working >>'!$N:$N, 'Supplier Wise Monthly'!E$6, '<< Working >>'!$R:$R, 'Supplier Wise Monthly'!$B$1) -> 0 | F10: =SUM(C10:E10) -> 0
A11: =VLOOKUP(B11, 'Items Master'!E:F,2,0) -> Domestic | B11: BCPL | C11: =SUMIFS('<< Working >>'!$J:$J, '<< Working >>'!$D:$D, 'Supplier Wise Monthly'!$B$2, '<< Working >>'!$L:$L, 'Supplier Wise Monthly'!$B11, '<< Working >>'!$N:$N, 'Supplier Wise Monthly'!C$6, '<< Working >>'!$R:$R, 'Supplier Wise Monthly'!$B$1) -> 0 | D11: =SUMIFS('<< Working >>'!$J:$J, '<< Working >>'!$D:$D, 'Supplier Wise Monthly'!$B$2, '<< Working >>'!$L:$L, 'Supplier Wise Monthly'!$B11, '<< Working >>'!$N:$N, 'Supplier Wise Monthly'!D$6, '<< Working >>'!$R:$R, 'Supplier Wise Monthly'!$B$1) -> 0 | E11: =SUMIFS('<< Working >>'!$J:$J, '<< Working >>'!$D:$D, 'Supplier Wise Monthly'!$B$2, '<< Working >>'!$L:$L, 'Supplier Wise Monthly'!$B11, '<< Working >>'!$N:$N, 'Supplier Wise Monthly'!E$6, '<< Working >>'!$R:$R, 'Supplier Wise Monthly'!$B$1) -> 0 | F11: =SUM(C11:E11) -> 0
A12: =VLOOKUP(B12, 'Items Master'!E:F,2,0) -> Domestic | B12: OPAL | C12: =SUMIFS('<< Working >>'!$J:$J, '<< Working >>'!$D:$D, 'Supplier Wise Monthly'!$B$2, '<< Working >>'!$L:$L, 'Supplier Wise Monthly'!$B12, '<< Working >>'!$N:$N, 'Supplier Wise Monthly'!C$6, '<< Working >>'!$R:$R, 'Supplier Wise Monthly'!$B$1) -> 0 | D12: =SUMIFS('<< Working >>'!$J:$J, '<< Working >>'!$D:$D, 'Supplier Wise Monthly'!$B$2, '<< Working >>'!$L:$L, 'Supplier Wise Monthly'!$B12, '<< Working >>'!$N:$N, 'Supplier Wise Monthly'!D$6, '<< Working >>'!$R:$R, 'Supplier Wise Monthly'!$B$1) -> 0 | E12: =SUMIFS('<< Working >>'!$J:$J, '<< Working >>'!$D:$D, 'Supplier Wise Monthly'!$B$2, '<< Working >>'!$L:$L, 'Supplier Wise Monthly'!$B12, '<< Working >>'!$N:$N, 'Supplier Wise Monthly'!E$6, '<< Working >>'!$R:$R, 'Supplier Wise Monthly'!$B$1) -> 0 | F12: =SUM(C12:E12) -> 0
A13: =VLOOKUP(B13, 'Items Master'!E:F,2,0) -> Domestic | B13: RIL | C13: =SUMIFS('<< Working >>'!$J:$J, '<< Working >>'!$D:$D, 'Supplier Wise Monthly'!$B$2, '<< Working >>'!$L:$L, 'Supplier Wise Monthly'!$B13, '<< Working >>'!$N:$N, 'Supplier Wise Monthly'!C$6, '<< Working >>'!$R:$R, 'Supplier Wise Monthly'!$B$1) -> 0 | D13: =SUMIFS('<< Working >>'!$J:$J, '<< Working >>'!$D:$D, 'Supplier Wise Monthly'!$B$2, '<< Working >>'!$L:$L, 'Supplier Wise Monthly'!$B13, '<< Working >>'!$N:$N, 'Supplier Wise Monthly'!D$6, '<< Working >>'!$R:$R, 'Supplier Wise Monthly'!$B$1) -> 0 | E13: =SUMIFS('<< Working >>'!$J:$J, '<< Working >>'!$D:$D, 'Supplier Wise Monthly'!$B$2, '<< Working >>'!$L:$L, 'Supplier Wise Monthly'!$B13, '<< Working >>'!$N:$N, 'Supplier Wise Monthly'!E$6, '<< Working >>'!$R:$R, 'Supplier Wise Monthly'!$B$1) -> 0 | F13: =SUM(C13:E13) -> 0
A14: =VLOOKUP(B14, 'Items Master'!E:F,2,0) -> Domestic | B14: HALDIA | C14: =SUMIFS('<< Working >>'!$J:$J, '<< Working >>'!$D:$D, 'Supplier Wise Monthly'!$B$2, '<< Working >>'!$L:$L, 'Supplier Wise Monthly'!$B14, '<< Working >>'!$N:$N, 'Supplier Wise Monthly'!C$6, '<< Working >>'!$R:$R, 'Supplier Wise Monthly'!$B$1) -> 0 | D14: =SUMIFS('<< Working >>'!$J:$J, '<< Working >>'!$D:$D, 'Supplier Wise Monthly'!$B$2, '<< Working >>'!$L:$L, 'Supplier Wise Monthly'!$B14, '<< Working >>'!$N:$N, 'Supplier Wise Monthly'!D$6, '<< Working >>'!$R:$R, 'Supplier Wise Monthly'!$B$1) -> 0 | E14: =SUMIFS('<< Working >>'!$J:$J, '<< Working >>'!$D:$D, 'Supplier Wise Monthly'!$B$2, '<< Working >>'!$L:$L, 'Supplier Wise Monthly'!$B14, '<< Working >>'!$N:$N, 'Supplier Wise Monthly'!E$6, '<< Working >>'!$R:$R, 'Supplier Wise Monthly'!$B$1) -> 0 | F14: =SUM(C14:E14) -> 0
A15: =VLOOKUP(B15, 'Items Master'!E:F,2,0) -> Import | B15: MARLEX | C15: =SUMIFS('<< Working >>'!$J:$J, '<< Working >>'!$D:$D, 'Supplier Wise Monthly'!$B$2, '<< Working >>'!$L:$L, 'Supplier Wise Monthly'!$B15, '<< Working >>'!$N:$N, 'Supplier Wise Monthly'!C$6, '<< Working >>'!$R:$R, 'Supplier Wise Monthly'!$B$1) -> 0 | D15: =SUMIFS('<< Working >>'!$J:$J, '<< Working >>'!$D:$D, 'Supplier Wise Monthly'!$B$2, '<< Working >>'!$L:$L, 'Supplier Wise Monthly'!$B15, '<< Working >>'!$N:$N, 'Supplier Wise Monthly'!D$6, '<< Working >>'!$R:$R, 'Supplier Wise Monthly'!$B$1) -> 0 | E15: =SUMIFS('<< Working >>'!$J:$J, '<< Working >>'!$D:$D, 'Supplier Wise Monthly'!$B$2, '<< Working >>'!$L:$L, 'Supplier Wise Monthly'!$B15, '<< Working >>'!$N:$N, 'Supplier Wise Monthly'!E$6, '<< Working >>'!$R:$R, 'Supplier Wise Monthly'!$B$1) -> 0 | F15: =SUM(C15:E15) -> 0
A16: =VLOOKUP(B16, 'Items Master'!E:F,2,0) -> Import | B16: LOTRENE | C16: =SUMIFS('<< Working >>'!$J:$J, '<< Working >>'!$D:$D, 'Supplier Wise Monthly'!$B$2, '<< Working >>'!$L:$L, 'Supplier Wise Monthly'!$B16, '<< Working >>'!$N:$N, 'Supplier Wise Monthly'!C$6, '<< Working >>'!$R:$R, 'Supplier Wise Monthly'!$B$1) -> 0 | D16: =SUMIFS('<< Working >>'!$J:$J, '<< Working >>'!$D:$D, 'Supplier Wise Monthly'!$B$2, '<< Working >>'!$L:$L, 'Supplier Wise Monthly'!$B16, '<< Working >>'!$N:$N, 'Supplier Wise Monthly'!D$6, '<< Working >>'!$R:$R, 'Supplier Wise Monthly'!$B$1) -> 0 | E16: =SUMIFS('<< Working >>'!$J:$J, '<< Working >>'!$D:$D, 'Supplier Wise Monthly'!$B$2, '<< Working >>'!$L:$L, 'Supplier Wise Monthly'!$B16, '<< Working >>'!$N:$N, 'Supplier Wise Monthly'!E$6, '<< Working >>'!$R:$R, 'Supplier Wise Monthly'!$B$1) -> 0 | F16: =SUM(C16:E16) -> 0
A17: =VLOOKUP(B17, 'Items Master'!E:F,2,0) -> Import | B17: EXXON | C17: =SUMIFS('<< Working >>'!$J:$J, '<< Working >>'!$D:$D, 'Supplier Wise Monthly'!$B$2, '<< Working >>'!$L:$L, 'Supplier Wise Monthly'!$B17, '<< Working >>'!$N:$N, 'Supplier Wise Monthly'!C$6, '<< Working >>'!$R:$R, 'Supplier Wise Monthly'!$B$1) -> 0 | D17: =SUMIFS('<< Working >>'!$J:$J, '<< Working >>'!$D:$D, 'Supplier Wise Monthly'!$B$2, '<< Working >>'!$L:$L, 'Supplier Wise Monthly'!$B17, '<< Working >>'!$N:$N, 'Supplier Wise Monthly'!D$6, '<< Working >>'!$R:$R, 'Supplier Wise Monthly'!$B$1) -> 0 | E17: =SUMIFS('<< Working >>'!$J:$J, '<< Working >>'!$D:$D, 'Supplier Wise Monthly'!$B$2, '<< Working >>'!$L:$L, 'Supplier Wise Monthly'!$B17, '<< Working >>'!$N:$N, 'Supplier Wise Monthly'!E$6, '<< Working >>'!$R:$R, 'Supplier Wise Monthly'!$B$1) -> 0 | F17: =SUM(C17:E17) -> 0
A18: =VLOOKUP(B18, 'Items Master'!E:F,2,0) -> Import | B18: DOW | C18: =SUMIFS('<< Working >>'!$J:$J, '<< Working >>'!$D:$D, 'Supplier Wise Monthly'!$B$2, '<< Working >>'!$L:$L, 'Supplier Wise Monthly'!$B18, '<< Working >>'!$N:$N, 'Supplier Wise Monthly'!C$6, '<< Working >>'!$R:$R, 'Supplier Wise Monthly'!$B$1) -> 0 | D18: =SUMIFS('<< Working >>'!$J:$J, '<< Working >>'!$D:$D, 'Supplier Wise Monthly'!$B$2, '<< Working >>'!$L:$L, 'Supplier Wise Monthly'!$B18, '<< Working >>'!$N:$N, 'Supplier Wise Monthly'!D$6, '<< Working >>'!$R:$R, 'Supplier Wise Monthly'!$B$1) -> 0 | E18: =SUMIFS('<< Working >>'!$J:$J, '<< Working >>'!$D:$D, 'Supplier Wise Monthly'!$B$2, '<< Working >>'!$L:$L, 'Supplier Wise Monthly'!$B18, '<< Working >>'!$N:$N, 'Supplier Wise Monthly'!E$6, '<< Working >>'!$R:$R, 'Supplier Wise Monthly'!$B$1) -> 0 | F18: =SUM(C18:E18) -> 0
... A66: =VLOOKUP(B66, 'Items Master'!E:F,2,0) -> Import | B66: TAIRISAN | C66: =SUMIFS('<< Working >>'!$J:$J, '<< Working >>'!$D:$D, 'Supplier Wise Monthly'!$B$2, '<< Working >>'!$L:$L, 'Supplier Wise Monthly'!$B66, '<< Working >>'!$N:$N, 'Supplier Wise Monthly'!C$6, '<< Working >>'!$R:$R, 'Supplier Wise Monthly'!$B$1) -> 0 | D66: =SUMIFS('<< Working >>'!$J:$J, '<< Working >>'!$D:$D, 'Supplier Wise Monthly'!$B$2, '<< Working >>'!$L:$L, 'Supplier Wise Monthly'!$B66, '<< Working >>'!$N:$N, 'Supplier Wise Monthly'!D$6, '<< Working >>'!$R:$R, 'Supplier Wise Monthly'!$B$1) -> 0 | E66: =SUMIFS('<< Working >>'!$J:$J, '<< Working >>'!$D:$D, 'Supplier Wise Monthly'!$B$2, '<< Working >>'!$L:$L, 'Supplier Wise Monthly'!$B66, '<< Working >>'!$N:$N, 'Supplier Wise Monthly'!E$6, '<< Working >>'!$R:$R, 'Supplier Wise Monthly'!$B$1) -> 0 | F66: =SUM(C66:E66) -> 0

Sheet Supplier Wise Yearly
A1: Supplier Name | B1: CHAKRAPANI VYAPAR PRIVATE LIMITED | O1: =SUMIFS('<< Working >>'!J:J, '<< Working >>'!D:D, 'Supplier Wise Yearly'!B1, '<< Working >>'!N:N, 'Supplier Wise Yearly'!B2)-O4 -> 0 | P1: Check
A2: Type | B2: Discounts
C4: =SUM(C7:C66) -> 7750 | D4: =SUM(D7:D66) -> 163750 | E4: =SUM(E7:E66) -> 79500 | F4: =SUM(F7:F66) -> 136250 | G4: =SUM(G7:G66) -> 133000 | H4: =SUM(H7:H66) -> 142500 | I4: =SUM(I7:I66) -> 211750 | J4: =SUM(J7:J66) -> 69500 | ... N4: =SUM(N7:N66) -> 0 | O4: =SUM(C4:N4) -> 944000 | P4: Total
C5: =SUBTOTAL(9, C7:C66) -> 7750 | D5: =SUBTOTAL(9, D7:D66) -> 163750 | E5: =SUBTOTAL(9, E7:E66) -> 79500 | F5: =SUBTOTAL(9, F7:F66) -> 136250 | G5: =SUBTOTAL(9, G7:G66) -> 133000 | H5: =SUBTOTAL(9, H7:H66) -> 142500 | I5: =SUBTOTAL(9, I7:I66) -> 211750 | J5: =SUBTOTAL(9, J7:J66) -> 69500 | ... N5: =SUBTOTAL(9, N7:N66) -> 0 | O5: =SUM(C5:N5) -> 944000 | P5: Sub-Total
A6: Type | B6: Company | C6: 45748 | D6: 45778 | E6: 45809 | F6: 45839 | G6: 45870 | H6: 45901 | I6: 45931 | J6: 45962 | K6: 45992 | L6: 46023 | M6: 46054 | N6: 46082 | O6: Total | Q6: Qty
A7: =VLOOKUP(B7, 'Items Master'!E:F,2,0) -> Domestic | B7: IOCL | C7: =SUMIFS('<< Working >>'!$J:$J, '<< Working >>'!$D:$D, 'Supplier Wise Yearly'!$B$1, '<< Working >>'!$R:$R, 'Supplier Wise Yearly'!C$6, '<< Working >>'!$L:$L, 'Supplier Wise Yearly'!$B7, '<< Working >>'!$N:$N, 'Supplier Wise Yearly'!$B$2) -> 0 | D7: =SUMIFS('<< Working >>'!$J:$J, '<< Working >>'!$D:$D, 'Supplier Wise Yearly'!$B$1, '<< Working >>'!$R:$R, 'Supplier Wise Yearly'!D$6, '<< Working >>'!$L:$L, 'Supplier Wise Yearly'!$B7, '<< Working >>'!$N:$N, 'Supplier Wise Yearly'!$B$2) -> 0 | E7: =SUMIFS('<< Working >>'!$J:$J, '<< Working >>'!$D:$D, 'Supplier Wise Yearly'!$B$1, '<< Working >>'!$R:$R, 'Supplier Wise Yearly'!E$6, '<< Working >>'!$L:$L, 'Supplier Wise Yearly'!$B7, '<< Working >>'!$N:$N, 'Supplier Wise Yearly'!$B$2) -> 0 | F7: =SUMIFS('<< Working >>'!$J:$J, '<< Working >>'!$D:$D, 'Supplier Wise Yearly'!$B$1, '<< Working >>'!$R:$R, 'Supplier Wise Yearly'!F$6, '<< Working >>'!$L:$L, 'Supplier Wise Yearly'!$B7, '<< Working >>'!$N:$N, 'Supplier Wise Yearly'!$B$2) -> 0 | G7: =SUMIFS('<< Working >>'!$J:$J, '<< Working >>'!$D:$D, 'Supplier Wise Yearly'!$B$1, '<< Working >>'!$R:$R, 'Supplier Wise Yearly'!G$6, '<< Working >>'!$L:$L, 'Supplier Wise Yearly'!$B7, '<< Working >>'!$N:$N, 'Supplier Wise Yearly'!$B$2) -> 0 | H7: =SUMIFS('<< Working >>'!$J:$J, '<< Working >>'!$D:$D, 'Supplier Wise Yearly'!$B$1, '<< Working >>'!$R:$R, 'Supplier Wise Yearly'!H$6, '<< Working >>'!$L:$L, 'Supplier Wise Yearly'!$B7, '<< Working >>'!$N:$N, 'Supplier Wise Yearly'!$B$2) -> 0 | I7: =SUMIFS('<< Working >>'!$J:$J, '<< Working >>'!$D:$D, 'Supplier Wise Yearly'!$B$1, '<< Working >>'!$R:$R, 'Supplier Wise Yearly'!I$6, '<< Working >>'!$L:$L, 'Supplier Wise Yearly'!$B7, '<< Working >>'!$N:$N, 'Supplier Wise Yearly'!$B$2) -> 0 | J7: =SUMIFS('<< Working >>'!$J:$J, '<< Working >>'!$D:$D, 'Supplier Wise Yearly'!$B$1, '<< Working >>'!$R:$R, 'Supplier Wise Yearly'!J$6, '<< Working >>'!$L:$L, 'Supplier Wise Yearly'!$B7, '<< Working >>'!$N:$N, 'Supplier Wise Yearly'!$B$2) -> 0 | ... N7: =SUMIFS('<< Working >>'!$J:$J, '<< Working >>'!$D:$D, 'Supplier Wise Yearly'!$B$1, '<< Working >>'!$R:$R, 'Supplier Wise Yearly'!N$6, '<< Working >>'!$L:$L, 'Supplier Wise Yearly'!$B7, '<< Working >>'!$N:$N, 'Supplier Wise Yearly'!$B$2) -> 0 | O7: =SUM(C7:N7) -> 0 | Q7: =IF(O7>0, "Yes", "No") -> No
A8: =VLOOKUP(B8, 'Items Master'!E:F,2,0) -> Domestic | B8: HMEL | C8: =SUMIFS('<< Working >>'!$J:$J, '<< Working >>'!$D:$D, 'Supplier Wise Yearly'!$B$1, '<< Working >>'!$R:$R, 'Supplier Wise Yearly'!C$6, '<< Working >>'!$L:$L, 'Supplier Wise Yearly'!$B8, '<< Working >>'!$N:$N, 'Supplier Wise Yearly'!$B$2) -> 0 | D8: =SUMIFS('<< Working >>'!$J:$J, '<< Working >>'!$D:$D, 'Supplier Wise Yearly'!$B$1, '<< Working >>'!$R:$R, 'Supplier Wise Yearly'!D$6, '<< Working >>'!$L:$L, 'Supplier Wise Yearly'!$B8, '<< Working >>'!$N:$N, 'Supplier Wise Yearly'!$B$2) -> 0 | E8: =SUMIFS('<< Working >>'!$J:$J, '<< Working >>'!$D:$D, 'Supplier Wise Yearly'!$B$1, '<< Working >>'!$R:$R, 'Supplier Wise Yearly'!E$6, '<< Working >>'!$L:$L, 'Supplier Wise Yearly'!$B8, '<< Working >>'!$N:$N, 'Supplier Wise Yearly'!$B$2) -> 0 | F8: =SUMIFS('<< Working >>'!$J:$J, '<< Working >>'!$D:$D, 'Supplier Wise Yearly'!$B$1, '<< Working >>'!$R:$R, 'Supplier Wise Yearly'!F$6, '<< Working >>'!$L:$L, 'Supplier Wise Yearly'!$B8, '<< Working >>'!$N:$N, 'Supplier Wise Yearly'!$B$2) -> 0 | G8: =SUMIFS('<< Working >>'!$J:$J, '<< Working >>'!$D:$D, 'Supplier Wise Yearly'!$B$1, '<< Working >>'!$R:$R, 'Supplier Wise Yearly'!G$6, '<< Working >>'!$L:$L, 'Supplier Wise Yearly'!$B8, '<< Working >>'!$N:$N, 'Supplier Wise Yearly'!$B$2) -> 0 | H8: =SUMIFS('<< Working >>'!$J:$J, '<< Working >>'!$D:$D, 'Supplier Wise Yearly'!$B$1, '<< Working >>'!$R:$R, 'Supplier Wise Yearly'!H$6, '<< Working >>'!$L:$L, 'Supplier Wise Yearly'!$B8, '<< Working >>'!$N:$N, 'Supplier Wise Yearly'!$B$2) -> 0 | I8: =SUMIFS('<< Working >>'!$J:$J, '<< Working >>'!$D:$D, 'Supplier Wise Yearly'!$B$1, '<< Working >>'!$R:$R, 'Supplier Wise Yearly'!I$6, '<< Working >>'!$L:$L, 'Supplier Wise Yearly'!$B8, '<< Working >>'!$N:$N, 'Supplier Wise Yearly'!$B$2) -> 0 | J8: =SUMIFS('<< Working >>'!$J:$J, '<< Working >>'!$D:$D, 'Supplier Wise Yearly'!$B$1, '<< Working >>'!$R:$R, 'Supplier Wise Yearly'!J$6, '<< Working >>'!$L:$L, 'Supplier Wise Yearly'!$B8, '<< Working >>'!$N:$N, 'Supplier Wise Yearly'!$B$2) -> 0 | ... N8: =SUMIFS('<< Working >>'!$J:$J, '<< Working >>'!$D:$D, 'Supplier Wise Yearly'!$B$1, '<< Working >>'!$R:$R, 'Supplier Wise Yearly'!N$6, '<< Working >>'!$L:$L, 'Supplier Wise Yearly'!$B8, '<< Working >>'!$N:$N, 'Supplier Wise Yearly'!$B$2) -> 0 | O8: =SUM(C8:N8) -> 0 | Q8: =IF(O8>0, "Yes", "No") -> No
A9: =VLOOKUP(B9, 'Items Master'!E:F,2,0) -> Domestic | B9: MRPL | C9: =SUMIFS('<< Working >>'!$J:$J, '<< Working >>'!$D:$D, 'Supplier Wise Yearly'!$B$1, '<< Working >>'!$R:$R, 'Supplier Wise Yearly'!C$6, '<< Working >>'!$L:$L, 'Supplier Wise Yearly'!$B9, '<< Working >>'!$N:$N, 'Supplier Wise Yearly'!$B$2) -> 6750 | D9: =SUMIFS('<< Working >>'!$J:$J, '<< Working >>'!$D:$D, 'Supplier Wise Yearly'!$B$1, '<< Working >>'!$R:$R, 'Supplier Wise Yearly'!D$6, '<< Working >>'!$L:$L, 'Supplier Wise Yearly'!$B9, '<< Working >>'!$N:$N, 'Supplier Wise Yearly'!$B$2) -> 72250 | E9: =SUMIFS('<< Working >>'!$J:$J, '<< Working >>'!$D:$D, 'Supplier Wise Yearly'!$B$1, '<< Working >>'!$R:$R, 'Supplier Wise Yearly'!E$6, '<< Working >>'!$L:$L, 'Supplier Wise Yearly'!$B9, '<< Working >>'!$N:$N, 'Supplier Wise Yearly'!$B$2) -> 53500 | F9: =SUMIFS('<< Working >>'!$J:$J, '<< Working >>'!$D:$D, 'Supplier Wise Yearly'!$B$1, '<< Working >>'!$R:$R, 'Supplier Wise Yearly'!F$6, '<< Working >>'!$L:$L, 'Supplier Wise Yearly'!$B9, '<< Working >>'!$N:$N, 'Supplier Wise Yearly'!$B$2) -> 58000 | G9: =SUMIFS('<< Working >>'!$J:$J, '<< Working >>'!$D:$D, 'Supplier Wise Yearly'!$B$1, '<< Working >>'!$R:$R, 'Supplier Wise Yearly'!G$6, '<< Working >>'!$L:$L, 'Supplier Wise Yearly'!$B9, '<< Working >>'!$N:$N, 'Supplier Wise Yearly'!$B$2) -> 55500 | H9: =SUMIFS('<< Working >>'!$J:$J, '<< Working >>'!$D:$D, 'Supplier Wise Yearly'!$B$1, '<< Working >>'!$R:$R, 'Supplier Wise Yearly'!H$6, '<< Working >>'!$L:$L, 'Supplier Wise Yearly'!$B9, '<< Working >>'!$N:$N, 'Supplier Wise Yearly'!$B$2) -> 49500 | I9: =SUMIFS('<< Working >>'!$J:$J, '<< Working >>'!$D:$D, 'Supplier Wise Yearly'!$B$1, '<< Working >>'!$R:$R, 'Supplier Wise Yearly'!I$6, '<< Working >>'!$L:$L, 'Supplier Wise Yearly'!$B9, '<< Working >>'!$N:$N, 'Supplier Wise Yearly'!$B$2) -> 79250 | J9: =SUMIFS('<< Working >>'!$J:$J, '<< Working >>'!$D:$D, 'Supplier Wise Yearly'!$B$1, '<< Working >>'!$R:$R, 'Supplier Wise Yearly'!J$6, '<< Working >>'!$L:$L, 'Supplier Wise Yearly'!$B9, '<< Working >>'!$N:$N, 'Supplier Wise Yearly'!$B$2) -> 40000 | ... N9: =SUMIFS('<< Working >>'!$J:$J, '<< Working >>'!$D:$D, 'Supplier Wise Yearly'!$B$1, '<< Working >>'!$R:$R, 'Supplier Wise Yearly'!N$6, '<< Working >>'!$L:$L, 'Supplier Wise Yearly'!$B9, '<< Working >>'!$N:$N, 'Supplier Wise Yearly'!$B$2) -> 0 | O9: =SUM(C9:N9) -> 414750 | Q9: =IF(O9>0, "Yes", "No") -> Yes
A10: =VLOOKUP(B10, 'Items Master'!E:F,2,0) -> Domestic | B10: GAIL | C10: =SUMIFS('<< Working >>'!$J:$J, '<< Working >>'!$D:$D, 'Supplier Wise Yearly'!$B$1, '<< Working >>'!$R:$R, 'Supplier Wise Yearly'!C$6, '<< Working >>'!$L:$L, 'Supplier Wise Yearly'!$B10, '<< Working >>'!$N:$N, 'Supplier Wise Yearly'!$B$2) -> 1000 | D10: =SUMIFS('<< Working >>'!$J:$J, '<< Working >>'!$D:$D, 'Supplier Wise Yearly'!$B$1, '<< Working >>'!$R:$R, 'Supplier Wise Yearly'!D$6, '<< Working >>'!$L:$L, 'Supplier Wise Yearly'!$B10, '<< Working >>'!$N:$N, 'Supplier Wise Yearly'!$B$2) -> 72500 | E10: =SUMIFS('<< Working >>'!$J:$J, '<< Working >>'!$D:$D, 'Supplier Wise Yearly'!$B$1, '<< Working >>'!$R:$R, 'Supplier Wise Yearly'!E$6, '<< Working >>'!$L:$L, 'Supplier Wise Yearly'!$B10, '<< Working >>'!$N:$N, 'Supplier Wise Yearly'!$B$2) -> 19000 | F10: =SUMIFS('<< Working >>'!$J:$J, '<< Working >>'!$D:$D, 'Supplier Wise Yearly'!$B$1, '<< Working >>'!$R:$R, 'Supplier Wise Yearly'!F$6, '<< Working >>'!$L:$L, 'Supplier Wise Yearly'!$B10, '<< Working >>'!$N:$N, 'Supplier Wise Yearly'!$B$2) -> 65750 | G10: =SUMIFS('<< Working >>'!$J:$J, '<< Working >>'!$D:$D, 'Supplier Wise Yearly'!$B$1, '<< Working >>'!$R:$R, 'Supplier Wise Yearly'!G$6, '<< Working >>'!$L:$L, 'Supplier Wise Yearly'!$B10, '<< Working >>'!$N:$N, 'Supplier Wise Yearly'!$B$2) -> 71500 | H10: =SUMIFS('<< Working >>'!$J:$J, '<< Working >>'!$D:$D, 'Supplier Wise Yearly'!$B$1, '<< Working >>'!$R:$R, 'Supplier Wise Yearly'!H$6, '<< Working >>'!$L:$L, 'Supplier Wise Yearly'!$B10, '<< Working >>'!$N:$N, 'Supplier Wise Yearly'!$B$2) -> 64750 | I10: =SUMIFS('<< Working >>'!$J:$J, '<< Working >>'!$D:$D, 'Supplier Wise Yearly'!$B$1, '<< Working >>'!$R:$R, 'Supplier Wise Yearly'!I$6, '<< Working >>'!$L:$L, 'Supplier Wise Yearly'!$B10, '<< Working >>'!$N:$N, 'Supplier Wise Yearly'!$B$2) -> 132500 | J10: =SUMIFS('<< Working >>'!$J:$J, '<< Working >>'!$D:$D, 'Supplier Wise Yearly'!$B$1, '<< Working >>'!$R:$R, 'Supplier Wise Yearly'!J$6, '<< Working >>'!$L:$L, 'Supplier Wise Yearly'!$B10, '<< Working >>'!$N:$N, 'Supplier Wise Yearly'!$B$2) -> 28500 | ... N10: =SUMIFS('<< Working >>'!$J:$J, '<< Working >>'!$D:$D, 'Supplier Wise Yearly'!$B$1, '<< Working >>'!$R:$R, 'Supplier Wise Yearly'!N$6, '<< Working >>'!$L:$L, 'Supplier Wise Yearly'!$B10, '<< Working >>'!$N:$N, 'Supplier Wise Yearly'!$B$2) -> 0 | O10: =SUM(C10:N10) -> 455500 | Q10: =IF(O10>0, "Yes", "No") -> Yes
A11: =VLOOKUP(B11, 'Items Master'!E:F,2,0) -> Domestic | B11: BCPL | C11: =SUMIFS('<< Working >>'!$J:$J, '<< Working >>'!$D:$D, 'Supplier Wise Yearly'!$B$1, '<< Working >>'!$R:$R, 'Supplier Wise Yearly'!C$6, '<< Working >>'!$L:$L, 'Supplier Wise Yearly'!$B11, '<< Working >>'!$N:$N, 'Supplier Wise Yearly'!$B$2) -> 0 | D11: =SUMIFS('<< Working >>'!$J:$J, '<< Working >>'!$D:$D, 'Supplier Wise Yearly'!$B$1, '<< Working >>'!$R:$R, 'Supplier Wise Yearly'!D$6, '<< Working >>'!$L:$L, 'Supplier Wise Yearly'!$B11, '<< Working >>'!$N:$N, 'Supplier Wise Yearly'!$B$2) -> 19000 | E11: =SUMIFS('<< Working >>'!$J:$J, '<< Working >>'!$D:$D, 'Supplier Wise Yearly'!$B$1, '<< Working >>'!$R:$R, 'Supplier Wise Yearly'!E$6, '<< Working >>'!$L:$L, 'Supplier Wise Yearly'!$B11, '<< Working >>'!$N:$N, 'Supplier Wise Yearly'!$B$2) -> 7000 | F11: =SUMIFS('<< Working >>'!$J:$J, '<< Working >>'!$D:$D, 'Supplier Wise Yearly'!$B$1, '<< Working >>'!$R:$R, 'Supplier Wise Yearly'!F$6, '<< Working >>'!$L:$L, 'Supplier Wise Yearly'!$B11, '<< Working >>'!$N:$N, 'Supplier Wise Yearly'!$B$2) -> 12500 | G11: =SUMIFS('<< Working >>'!$J:$J, '<< Working >>'!$D:$D, 'Supplier Wise Yearly'!$B$1, '<< Working >>'!$R:$R, 'Supplier Wise Yearly'!G$6, '<< Working >>'!$L:$L, 'Supplier Wise Yearly'!$B11, '<< Working >>'!$N:$N, 'Supplier Wise Yearly'!$B$2) -> 3000 | H11: =SUMIFS('<< Working >>'!$J:$J, '<< Working >>'!$D:$D, 'Supplier Wise Yearly'!$B$1, '<< Working >>'!$R:$R, 'Supplier Wise Yearly'!H$6, '<< Working >>'!$L:$L, 'Supplier Wise Yearly'!$B11, '<< Working >>'!$N:$N, 'Supplier Wise Yearly'!$B$2) -> 25750 | I11: =SUMIFS('<< Working >>'!$J:$J, '<< Working >>'!$D:$D, 'Supplier Wise Yearly'!$B$1, '<< Working >>'!$R:$R, 'Supplier Wise Yearly'!I$6, '<< Working >>'!$L:$L, 'Supplier Wise Yearly'!$B11, '<< Working >>'!$N:$N, 'Supplier Wise Yearly'!$B$2) -> 0 | J11: =SUMIFS('<< Working >>'!$J:$J, '<< Working >>'!$D:$D, 'Supplier Wise Yearly'!$B$1, '<< Working >>'!$R:$R, 'Supplier Wise Yearly'!J$6, '<< Working >>'!$L:$L, 'Supplier Wise Yearly'!$B11, '<< Working >>'!$N:$N, 'Supplier Wise Yearly'!$B$2) -> 1000 | ... N11: =SUMIFS('<< Working >>'!$J:$J, '<< Working >>'!$D:$D, 'Supplier Wise Yearly'!$B$1, '<< Working >>'!$R:$R, 'Supplier Wise Yearly'!N$6, '<< Working >>'!$L:$L, 'Supplier Wise Yearly'!$B11, '<< Working >>'!$N:$N, 'Supplier Wise Yearly'!$B$2) -> 0 | O11: =SUM(C11:N11) -> 68250 | Q11: =IF(O11>0, "Yes", "No") -> Yes
A12: =VLOOKUP(B12, 'Items Master'!E:F,2,0) -> Domestic | B12: OPAL | C12: =SUMIFS('<< Working >>'!$J:$J, '<< Working >>'!$D:$D, 'Supplier Wise Yearly'!$B$1, '<< Working >>'!$R:$R, 'Supplier Wise Yearly'!C$6, '<< Working >>'!$L:$L, 'Supplier Wise Yearly'!$B12, '<< Working >>'!$N:$N, 'Supplier Wise Yearly'!$B$2) -> 0 | D12: =SUMIFS('<< Working >>'!$J:$J, '<< Working >>'!$D:$D, 'Supplier Wise Yearly'!$B$1, '<< Working >>'!$R:$R, 'Supplier Wise Yearly'!D$6, '<< Working >>'!$L:$L, 'Supplier Wise Yearly'!$B12, '<< Working >>'!$N:$N, 'Supplier Wise Yearly'!$B$2) -> 0 | E12: =SUMIFS('<< Working >>'!$J:$J, '<< Working >>'!$D:$D, 'Supplier Wise Yearly'!$B$1, '<< Working >>'!$R:$R, 'Supplier Wise Yearly'!E$6, '<< Working >>'!$L:$L, 'Supplier Wise Yearly'!$B12, '<< Working >>'!$N:$N, 'Supplier Wise Yearly'!$B$2) -> 0 | F12: =SUMIFS('<< Working >>'!$J:$J, '<< Working >>'!$D:$D, 'Supplier Wise Yearly'!$B$1, '<< Working >>'!$R:$R, 'Supplier Wise Yearly'!F$6, '<< Working >>'!$L:$L, 'Supplier Wise Yearly'!$B12, '<< Working >>'!$N:$N, 'Supplier Wise Yearly'!$B$2) -> 0 | G12: =SUMIFS('<< Working >>'!$J:$J, '<< Working >>'!$D:$D, 'Supplier Wise Yearly'!$B$1, '<< Working >>'!$R:$R, 'Supplier Wise Yearly'!G$6, '<< Working >>'!$L:$L, 'Supplier Wise Yearly'!$B12, '<< Working >>'!$N:$N, 'Supplier Wise Yearly'!$B$2) -> 3000 | H12: =SUMIFS('<< Working >>'!$J:$J, '<< Working >>'!$D:$D, 'Supplier Wise Yearly'!$B$1, '<< Working >>'!$R:$R, 'Supplier Wise Yearly'!H$6, '<< Working >>'!$L:$L, 'Supplier Wise Yearly'!$B12, '<< Working >>'!$N:$N, 'Supplier Wise Yearly'!$B$2) -> 2500 | I12: =SUMIFS('<< Working >>'!$J:$J, '<< Working >>'!$D:$D, 'Supplier Wise Yearly'!$B$1, '<< Working >>'!$R:$R, 'Supplier Wise Yearly'!I$6, '<< Working >>'!$L:$L, 'Supplier Wise Yearly'!$B12, '<< Working >>'!$N:$N, 'Supplier Wise Yearly'!$B$2) -> 0 | J12: =SUMIFS('<< Working >>'!$J:$J, '<< Working >>'!$D:$D, 'Supplier Wise Yearly'!$B$1, '<< Working >>'!$R:$R, 'Supplier Wise Yearly'!J$6, '<< Working >>'!$L:$L, 'Supplier Wise Yearly'!$B12, '<< Working >>'!$N:$N, 'Supplier Wise Yearly'!$B$2) -> 0 | ... N12: =SUMIFS('<< Working >>'!$J:$J, '<< Working >>'!$D:$D, 'Supplier Wise Yearly'!$B$1, '<< Working >>'!$R:$R, 'Supplier Wise Yearly'!N$6, '<< Working >>'!$L:$L, 'Supplier Wise Yearly'!$B12, '<< Working >>'!$N:$N, 'Supplier Wise Yearly'!$B$2) -> 0 | O12: =SUM(C12:N12) -> 5500 | Q12: =IF(O12>0, "Yes", "No") -> Yes
A13: =VLOOKUP(B13, 'Items Master'!E:F,2,0) -> Domestic | B13: RIL | C13: =SUMIFS('<< Working >>'!$J:$J, '<< Working >>'!$D:$D, 'Supplier Wise Yearly'!$B$1, '<< Working >>'!$R:$R, 'Supplier Wise Yearly'!C$6, '<< Working >>'!$L:$L, 'Supplier Wise Yearly'!$B13, '<< Working >>'!$N:$N, 'Supplier Wise Yearly'!$B$2) -> 0 | D13: =SUMIFS('<< Working >>'!$J:$J, '<< Working >>'!$D:$D, 'Supplier Wise Yearly'!$B$1, '<< Working >>'!$R:$R, 'Supplier Wise Yearly'!D$6, '<< Working >>'!$L:$L, 'Supplier Wise Yearly'!$B13, '<< Working >>'!$N:$N, 'Supplier Wise Yearly'!$B$2) -> 0 | E13: =SUMIFS('<< Working >>'!$J:$J, '<< Working >>'!$D:$D, 'Supplier Wise Yearly'!$B$1, '<< Working >>'!$R:$R, 'Supplier Wise Yearly'!E$6, '<< Working >>'!$L:$L, 'Supplier Wise Yearly'!$B13, '<< Working >>'!$N:$N, 'Supplier Wise Yearly'!$B$2) -> 0 | F13: =SUMIFS('<< Working >>'!$J:$J, '<< Working >>'!$D:$D, 'Supplier Wise Yearly'!$B$1, '<< Working >>'!$R:$R, 'Supplier Wise Yearly'!F$6, '<< Working >>'!$L:$L, 'Supplier Wise Yearly'!$B13, '<< Working >>'!$N:$N, 'Supplier Wise Yearly'!$B$2) -> 0 | G13: =SUMIFS('<< Working >>'!$J:$J, '<< Working >>'!$D:$D, 'Supplier Wise Yearly'!$B$1, '<< Working >>'!$R:$R, 'Supplier Wise Yearly'!G$6, '<< Working >>'!$L:$L, 'Supplier Wise Yearly'!$B13, '<< Working >>'!$N:$N, 'Supplier Wise Yearly'!$B$2) -> 0 | H13: =SUMIFS('<< Working >>'!$J:$J, '<< Working >>'!$D:$D, 'Supplier Wise Yearly'!$B$1, '<< Working >>'!$R:$R, 'Supplier Wise Yearly'!H$6, '<< Working >>'!$L:$L, 'Supplier Wise Yearly'!$B13, '<< Working >>'!$N:$N, 'Supplier Wise Yearly'!$B$2) -> 0 | I13: =SUMIFS('<< Working >>'!$J:$J, '<< Working >>'!$D:$D, 'Supplier Wise Yearly'!$B$1, '<< Working >>'!$R:$R, 'Supplier Wise Yearly'!I$6, '<< Working >>'!$L:$L, 'Supplier Wise Yearly'!$B13, '<< Working >>'!$N:$N, 'Supplier Wise Yearly'!$B$2) -> 0 | J13: =SUMIFS('<< Working >>'!$J:$J, '<< Working >>'!$D:$D, 'Supplier Wise Yearly'!$B$1, '<< Working >>'!$R:$R, 'Supplier Wise Yearly'!J$6, '<< Working >>'!$L:$L, 'Supplier Wise Yearly'!$B13, '<< Working >>'!$N:$N, 'Supplier Wise Yearly'!$B$2) -> 0 | ... N13: =SUMIFS('<< Working >>'!$J:$J, '<< Working >>'!$D:$D, 'Supplier Wise Yearly'!$B$1, '<< Working >>'!$R:$R, 'Supplier Wise Yearly'!N$6, '<< Working >>'!$L:$L, 'Supplier Wise Yearly'!$B13, '<< Working >>'!$N:$N, 'Supplier Wise Yearly'!$B$2) -> 0 | O13: =SUM(C13:N13) -> 0 | Q13: =IF(O13>0, "Yes", "No") -> No
A14: =VLOOKUP(B14, 'Items Master'!E:F,2,0) -> Domestic | B14: HALDIA | C14: =SUMIFS('<< Working >>'!$J:$J, '<< Working >>'!$D:$D, 'Supplier Wise Yearly'!$B$1, '<< Working >>'!$R:$R, 'Supplier Wise Yearly'!C$6, '<< Working >>'!$L:$L, 'Supplier Wise Yearly'!$B14, '<< Working >>'!$N:$N, 'Supplier Wise Yearly'!$B$2) -> 0 | D14: =SUMIFS('<< Working >>'!$J:$J, '<< Working >>'!$D:$D, 'Supplier Wise Yearly'!$B$1, '<< Working >>'!$R:$R, 'Supplier Wise Yearly'!D$6, '<< Working >>'!$L:$L, 'Supplier Wise Yearly'!$B14, '<< Working >>'!$N:$N, 'Supplier Wise Yearly'!$B$2) -> 0 | E14: =SUMIFS('<< Working >>'!$J:$J, '<< Working >>'!$D:$D, 'Supplier Wise Yearly'!$B$1, '<< Working >>'!$R:$R, 'Supplier Wise Yearly'!E$6, '<< Working >>'!$L:$L, 'Supplier Wise Yearly'!$B14, '<< Working >>'!$N:$N, 'Supplier Wise Yearly'!$B$2) -> 0 | F14: =SUMIFS('<< Working >>'!$J:$J, '<< Working >>'!$D:$D, 'Supplier Wise Yearly'!$B$1, '<< Working >>'!$R:$R, 'Supplier Wise Yearly'!F$6, '<< Working >>'!$L:$L, 'Supplier Wise Yearly'!$B14, '<< Working >>'!$N:$N, 'Supplier Wise Yearly'!$B$2) -> 0 | G14: =SUMIFS('<< Working >>'!$J:$J, '<< Working >>'!$D:$D, 'Supplier Wise Yearly'!$B$1, '<< Working >>'!$R:$R, 'Supplier Wise Yearly'!G$6, '<< Working >>'!$L:$L, 'Supplier Wise Yearly'!$B14, '<< Working >>'!$N:$N, 'Supplier Wise Yearly'!$B$2) -> 0 | H14: =SUMIFS('<< Working >>'!$J:$J, '<< Working >>'!$D:$D, 'Supplier Wise Yearly'!$B$1, '<< Working >>'!$R:$R, 'Supplier Wise Yearly'!H$6, '<< Working >>'!$L:$L, 'Supplier Wise Yearly'!$B14, '<< Working >>'!$N:$N, 'Supplier Wise Yearly'!$B$2) -> 0 | I14: =SUMIFS('<< Working >>'!$J:$J, '<< Working >>'!$D:$D, 'Supplier Wise Yearly'!$B$1, '<< Working >>'!$R:$R, 'Supplier Wise Yearly'!I$6, '<< Working >>'!$L:$L, 'Supplier Wise Yearly'!$B14, '<< Working >>'!$N:$N, 'Supplier Wise Yearly'!$B$2) -> 0 | J14: =SUMIFS('<< Working >>'!$J:$J, '<< Working >>'!$D:$D, 'Supplier Wise Yearly'!$B$1, '<< Working >>'!$R:$R, 'Supplier Wise Yearly'!J$6, '<< Working >>'!$L:$L, 'Supplier Wise Yearly'!$B14, '<< Working >>'!$N:$N, 'Supplier Wise Yearly'!$B$2) -> 0 | ... N14: =SUMIFS('<< Working >>'!$J:$J, '<< Working >>'!$D:$D, 'Supplier Wise Yearly'!$B$1, '<< Working >>'!$R:$R, 'Supplier Wise Yearly'!N$6, '<< Working >>'!$L:$L, 'Supplier Wise Yearly'!$B14, '<< Working >>'!$N:$N, 'Supplier Wise Yearly'!$B$2) -> 0 | O14: =SUM(C14:N14) -> 0 | Q14: =IF(O14>0, "Yes", "No") -> No
A15: =VLOOKUP(B15, 'Items Master'!E:F,2,0) -> Import | B15: MARLEX | C15: =SUMIFS('<< Working >>'!$J:$J, '<< Working >>'!$D:$D, 'Supplier Wise Yearly'!$B$1, '<< Working >>'!$R:$R, 'Supplier Wise Yearly'!C$6, '<< Working >>'!$L:$L, 'Supplier Wise Yearly'!$B15, '<< Working >>'!$N:$N, 'Supplier Wise Yearly'!$B$2) -> 0 | D15: =SUMIFS('<< Working >>'!$J:$J, '<< Working >>'!$D:$D, 'Supplier Wise Yearly'!$B$1, '<< Working >>'!$R:$R, 'Supplier Wise Yearly'!D$6, '<< Working >>'!$L:$L, 'Supplier Wise Yearly'!$B15, '<< Working >>'!$N:$N, 'Supplier Wise Yearly'!$B$2) -> 0 | E15: =SUMIFS('<< Working >>'!$J:$J, '<< Working >>'!$D:$D, 'Supplier Wise Yearly'!$B$1, '<< Working >>'!$R:$R, 'Supplier Wise Yearly'!E$6, '<< Working >>'!$L:$L, 'Supplier Wise Yearly'!$B15, '<< Working >>'!$N:$N, 'Supplier Wise Yearly'!$B$2) -> 0 | F15: =SUMIFS('<< Working >>'!$J:$J, '<< Working >>'!$D:$D, 'Supplier Wise Yearly'!$B$1, '<< Working >>'!$R:$R, 'Supplier Wise Yearly'!F$6, '<< Working >>'!$L:$L, 'Supplier Wise Yearly'!$B15, '<< Working >>'!$N:$N, 'Supplier Wise Yearly'!$B$2) -> 0 | G15: =SUMIFS('<< Working >>'!$J:$J, '<< Working >>'!$D:$D, 'Supplier Wise Yearly'!$B$1, '<< Working >>'!$R:$R, 'Supplier Wise Yearly'!G$6, '<< Working >>'!$L:$L, 'Supplier Wise Yearly'!$B15, '<< Working >>'!$N:$N, 'Supplier Wise Yearly'!$B$2) -> 0 | H15: =SUMIFS('<< Working >>'!$J:$J, '<< Working >>'!$D:$D, 'Supplier Wise Yearly'!$B$1, '<< Working >>'!$R:$R, 'Supplier Wise Yearly'!H$6, '<< Working >>'!$L:$L, 'Supplier Wise Yearly'!$B15, '<< Working >>'!$N:$N, 'Supplier Wise Yearly'!$B$2) -> 0 | I15: =SUMIFS('<< Working >>'!$J:$J, '<< Working >>'!$D:$D, 'Supplier Wise Yearly'!$B$1, '<< Working >>'!$R:$R, 'Supplier Wise Yearly'!I$6, '<< Working >>'!$L:$L, 'Supplier Wise Yearly'!$B15, '<< Working >>'!$N:$N, 'Supplier Wise Yearly'!$B$2) -> 0 | J15: =SUMIFS('<< Working >>'!$J:$J, '<< Working >>'!$D:$D, 'Supplier Wise Yearly'!$B$1, '<< Working >>'!$R:$R, 'Supplier Wise Yearly'!J$6, '<< Working >>'!$L:$L, 'Supplier Wise Yearly'!$B15, '<< Working >>'!$N:$N, 'Supplier Wise Yearly'!$B$2) -> 0 | ... N15: =SUMIFS('<< Working >>'!$J:$J, '<< Working >>'!$D:$D, 'Supplier Wise Yearly'!$B$1, '<< Working >>'!$R:$R, 'Supplier Wise Yearly'!N$6, '<< Working >>'!$L:$L, 'Supplier Wise Yearly'!$B15, '<< Working >>'!$N:$N, 'Supplier Wise Yearly'!$B$2) -> 0 | O15: =SUM(C15:N15) -> 0 | Q15: =IF(O15>0, "Yes", "No") -> No
A16: =VLOOKUP(B16, 'Items Master'!E:F,2,0) -> Import | B16: LOTRENE | C16: =SUMIFS('<< Working >>'!$J:$J, '<< Working >>'!$D:$D, 'Supplier Wise Yearly'!$B$1, '<< Working >>'!$R:$R, 'Supplier Wise Yearly'!C$6, '<< Working >>'!$L:$L, 'Supplier Wise Yearly'!$B16, '<< Working >>'!$N:$N, 'Supplier Wise Yearly'!$B$2) -> 0 | D16: =SUMIFS('<< Working >>'!$J:$J, '<< Working >>'!$D:$D, 'Supplier Wise Yearly'!$B$1, '<< Working >>'!$R:$R, 'Supplier Wise Yearly'!D$6, '<< Working >>'!$L:$L, 'Supplier Wise Yearly'!$B16, '<< Working >>'!$N:$N, 'Supplier Wise Yearly'!$B$2) -> 0 | E16: =SUMIFS('<< Working >>'!$J:$J, '<< Working >>'!$D:$D, 'Supplier Wise Yearly'!$B$1, '<< Working >>'!$R:$R, 'Supplier Wise Yearly'!E$6, '<< Working >>'!$L:$L, 'Supplier Wise Yearly'!$B16, '<< Working >>'!$N:$N, 'Supplier Wise Yearly'!$B$2) -> 0 | F16: =SUMIFS('<< Working >>'!$J:$J, '<< Working >>'!$D:$D, 'Supplier Wise Yearly'!$B$1, '<< Working >>'!$R:$R, 'Supplier Wise Yearly'!F$6, '<< Working >>'!$L:$L, 'Supplier Wise Yearly'!$B16, '<< Working >>'!$N:$N, 'Supplier Wise Yearly'!$B$2) -> 0 | G16: =SUMIFS('<< Working >>'!$J:$J, '<< Working >>'!$D:$D, 'Supplier Wise Yearly'!$B$1, '<< Working >>'!$R:$R, 'Supplier Wise Yearly'!G$6, '<< Working >>'!$L:$L, 'Supplier Wise Yearly'!$B16, '<< Working >>'!$N:$N, 'Supplier Wise Yearly'!$B$2) -> 0 | H16: =SUMIFS('<< Working >>'!$J:$J, '<< Working >>'!$D:$D, 'Supplier Wise Yearly'!$B$1, '<< Working >>'!$R:$R, 'Supplier Wise Yearly'!H$6, '<< Working >>'!$L:$L, 'Supplier Wise Yearly'!$B16, '<< Working >>'!$N:$N, 'Supplier Wise Yearly'!$B$2) -> 0 | I16: =SUMIFS('<< Working >>'!$J:$J, '<< Working >>'!$D:$D, 'Supplier Wise Yearly'!$B$1, '<< Working >>'!$R:$R, 'Supplier Wise Yearly'!I$6, '<< Working >>'!$L:$L, 'Supplier Wise Yearly'!$B16, '<< Working >>'!$N:$N, 'Supplier Wise Yearly'!$B$2) -> 0 | J16: =SUMIFS('<< Working >>'!$J:$J, '<< Working >>'!$D:$D, 'Supplier Wise Yearly'!$B$1, '<< Working >>'!$R:$R, 'Supplier Wise Yearly'!J$6, '<< Working >>'!$L:$L, 'Supplier Wise Yearly'!$B16, '<< Working >>'!$N:$N, 'Supplier Wise Yearly'!$B$2) -> 0 | ... N16: =SUMIFS('<< Working >>'!$J:$J, '<< Working >>'!$D:$D, 'Supplier Wise Yearly'!$B$1, '<< Working >>'!$R:$R, 'Supplier Wise Yearly'!N$6, '<< Working >>'!$L:$L, 'Supplier Wise Yearly'!$B16, '<< Working >>'!$N:$N, 'Supplier Wise Yearly'!$B$2) -> 0 | O16: =SUM(C16:N16) -> 0 | Q16: =IF(O16>0, "Yes", "No") -> No
A17: =VLOOKUP(B17, 'Items Master'!E:F,2,0) -> Import | B17: EXXON | C17: =SUMIFS('<< Working >>'!$J:$J, '<< Working >>'!$D:$D, 'Supplier Wise Yearly'!$B$1, '<< Working >>'!$R:$R, 'Supplier Wise Yearly'!C$6, '<< Working >>'!$L:$L, 'Supplier Wise Yearly'!$B17, '<< Working >>'!$N:$N, 'Supplier Wise Yearly'!$B$2) -> 0 | D17: =SUMIFS('<< Working >>'!$J:$J, '<< Working >>'!$D:$D, 'Supplier Wise Yearly'!$B$1, '<< Working >>'!$R:$R, 'Supplier Wise Yearly'!D$6, '<< Working >>'!$L:$L, 'Supplier Wise Yearly'!$B17, '<< Working >>'!$N:$N, 'Supplier Wise Yearly'!$B$2) -> 0 | E17: =SUMIFS('<< Working >>'!$J:$J, '<< Working >>'!$D:$D, 'Supplier Wise Yearly'!$B$1, '<< Working >>'!$R:$R, 'Supplier Wise Yearly'!E$6, '<< Working >>'!$L:$L, 'Supplier Wise Yearly'!$B17, '<< Working >>'!$N:$N, 'Supplier Wise Yearly'!$B$2) -> 0 | F17: =SUMIFS('<< Working >>'!$J:$J, '<< Working >>'!$D:$D, 'Supplier Wise Yearly'!$B$1, '<< Working >>'!$R:$R, 'Supplier Wise Yearly'!F$6, '<< Working >>'!$L:$L, 'Supplier Wise Yearly'!$B17, '<< Working >>'!$N:$N, 'Supplier Wise Yearly'!$B$2) -> 0 | G17: =SUMIFS('<< Working >>'!$J:$J, '<< Working >>'!$D:$D, 'Supplier Wise Yearly'!$B$1, '<< Working >>'!$R:$R, 'Supplier Wise Yearly'!G$6, '<< Working >>'!$L:$L, 'Supplier Wise Yearly'!$B17, '<< Working >>'!$N:$N, 'Supplier Wise Yearly'!$B$2) -> 0 | H17: =SUMIFS('<< Working >>'!$J:$J, '<< Working >>'!$D:$D, 'Supplier Wise Yearly'!$B$1, '<< Working >>'!$R:$R, 'Supplier Wise Yearly'!H$6, '<< Working >>'!$L:$L, 'Supplier Wise Yearly'!$B17, '<< Working >>'!$N:$N, 'Supplier Wise Yearly'!$B$2) -> 0 | I17: =SUMIFS('<< Working >>'!$J:$J, '<< Working >>'!$D:$D, 'Supplier Wise Yearly'!$B$1, '<< Working >>'!$R:$R, 'Supplier Wise Yearly'!I$6, '<< Working >>'!$L:$L, 'Supplier Wise Yearly'!$B17, '<< Working >>'!$N:$N, 'Supplier Wise Yearly'!$B$2) -> 0 | J17: =SUMIFS('<< Working >>'!$J:$J, '<< Working >>'!$D:$D, 'Supplier Wise Yearly'!$B$1, '<< Working >>'!$R:$R, 'Supplier Wise Yearly'!J$6, '<< Working >>'!$L:$L, 'Supplier Wise Yearly'!$B17, '<< Working >>'!$N:$N, 'Supplier Wise Yearly'!$B$2) -> 0 | ... N17: =SUMIFS('<< Working >>'!$J:$J, '<< Working >>'!$D:$D, 'Supplier Wise Yearly'!$B$1, '<< Working >>'!$R:$R, 'Supplier Wise Yearly'!N$6, '<< Working >>'!$L:$L, 'Supplier Wise Yearly'!$B17, '<< Working >>'!$N:$N, 'Supplier Wise Yearly'!$B$2) -> 0 | O17: =SUM(C17:N17) -> 0 | Q17: =IF(O17>0, "Yes", "No") -> No
A18: =VLOOKUP(B18, 'Items Master'!E:F,2,0) -> Import | B18: DOW | C18: =SUMIFS('<< Working >>'!$J:$J, '<< Working >>'!$D:$D, 'Supplier Wise Yearly'!$B$1, '<< Working >>'!$R:$R, 'Supplier Wise Yearly'!C$6, '<< Working >>'!$L:$L, 'Supplier Wise Yearly'!$B18, '<< Working >>'!$N:$N, 'Supplier Wise Yearly'!$B$2) -> 0 | D18: =SUMIFS('<< Working >>'!$J:$J, '<< Working >>'!$D:$D, 'Supplier Wise Yearly'!$B$1, '<< Working >>'!$R:$R, 'Supplier Wise Yearly'!D$6, '<< Working >>'!$L:$L, 'Supplier Wise Yearly'!$B18, '<< Working >>'!$N:$N, 'Supplier Wise Yearly'!$B$2) -> 0 | E18: =SUMIFS('<< Working >>'!$J:$J, '<< Working >>'!$D:$D, 'Supplier Wise Yearly'!$B$1, '<< Working >>'!$R:$R, 'Supplier Wise Yearly'!E$6, '<< Working >>'!$L:$L, 'Supplier Wise Yearly'!$B18, '<< Working >>'!$N:$N, 'Supplier Wise Yearly'!$B$2) -> 0 | F18: =SUMIFS('<< Working >>'!$J:$J, '<< Working >>'!$D:$D, 'Supplier Wise Yearly'!$B$1, '<< Working >>'!$R:$R, 'Supplier Wise Yearly'!F$6, '<< Working >>'!$L:$L, 'Supplier Wise Yearly'!$B18, '<< Working >>'!$N:$N, 'Supplier Wise Yearly'!$B$2) -> 0 | G18: =SUMIFS('<< Working >>'!$J:$J, '<< Working >>'!$D:$D, 'Supplier Wise Yearly'!$B$1, '<< Working >>'!$R:$R, 'Supplier Wise Yearly'!G$6, '<< Working >>'!$L:$L, 'Supplier Wise Yearly'!$B18, '<< Working >>'!$N:$N, 'Supplier Wise Yearly'!$B$2) -> 0 | H18: =SUMIFS('<< Working >>'!$J:$J, '<< Working >>'!$D:$D, 'Supplier Wise Yearly'!$B$1, '<< Working >>'!$R:$R, 'Supplier Wise Yearly'!H$6, '<< Working >>'!$L:$L, 'Supplier Wise Yearly'!$B18, '<< Working >>'!$N:$N, 'Supplier Wise Yearly'!$B$2) -> 0 | I18: =SUMIFS('<< Working >>'!$J:$J, '<< Working >>'!$D:$D, 'Supplier Wise Yearly'!$B$1, '<< Working >>'!$R:$R, 'Supplier Wise Yearly'!I$6, '<< Working >>'!$L:$L, 'Supplier Wise Yearly'!$B18, '<< Working >>'!$N:$N, 'Supplier Wise Yearly'!$B$2) -> 0 | J18: =SUMIFS('<< Working >>'!$J:$J, '<< Working >>'!$D:$D, 'Supplier Wise Yearly'!$B$1, '<< Working >>'!$R:$R, 'Supplier Wise Yearly'!J$6, '<< Working >>'!$L:$L, 'Supplier Wise Yearly'!$B18, '<< Working >>'!$N:$N, 'Supplier Wise Yearly'!$B$2) -> 0 | ... N18: =SUMIFS('<< Working >>'!$J:$J, '<< Working >>'!$D:$D, 'Supplier Wise Yearly'!$B$1, '<< Working >>'!$R:$R, 'Supplier Wise Yearly'!N$6, '<< Working >>'!$L:$L, 'Supplier Wise Yearly'!$B18, '<< Working >>'!$N:$N, 'Supplier Wise Yearly'!$B$2) -> 0 | O18: =SUM(C18:N18) -> 0 | Q18: =IF(O18>0, "Yes", "No") -> No
... A66: =VLOOKUP(B66, 'Items Master'!E:F,2,0) -> Import | B66: TAIRISAN | C66: =SUMIFS('<< Working >>'!$J:$J, '<< Working >>'!$D:$D, 'Supplier Wise Yearly'!$B$1, '<< Working >>'!$R:$R, 'Supplier Wise Yearly'!C$6, '<< Working >>'!$L:$L, 'Supplier Wise Yearly'!$B66, '<< Working >>'!$N:$N, 'Supplier Wise Yearly'!$B$2) -> 0 | D66: =SUMIFS('<< Working >>'!$J:$J, '<< Working >>'!$D:$D, 'Supplier Wise Yearly'!$B$1, '<< Working >>'!$R:$R, 'Supplier Wise Yearly'!D$6, '<< Working >>'!$L:$L, 'Supplier Wise Yearly'!$B66, '<< Working >>'!$N:$N, 'Supplier Wise Yearly'!$B$2) -> 0 | E66: =SUMIFS('<< Working >>'!$J:$J, '<< Working >>'!$D:$D, 'Supplier Wise Yearly'!$B$1, '<< Working >>'!$R:$R, 'Supplier Wise Yearly'!E$6, '<< Working >>'!$L:$L, 'Supplier Wise Yearly'!$B66, '<< Working >>'!$N:$N, 'Supplier Wise Yearly'!$B$2) -> 0 | F66: =SUMIFS('<< Working >>'!$J:$J, '<< Working >>'!$D:$D, 'Supplier Wise Yearly'!$B$1, '<< Working >>'!$R:$R, 'Supplier Wise Yearly'!F$6, '<< Working >>'!$L:$L, 'Supplier Wise Yearly'!$B66, '<< Working >>'!$N:$N, 'Supplier Wise Yearly'!$B$2) -> 0 | G66: =SUMIFS('<< Working >>'!$J:$J, '<< Working >>'!$D:$D, 'Supplier Wise Yearly'!$B$1, '<< Working >>'!$R:$R, 'Supplier Wise Yearly'!G$6, '<< Working >>'!$L:$L, 'Supplier Wise Yearly'!$B66, '<< Working >>'!$N:$N, 'Supplier Wise Yearly'!$B$2) -> 0 | H66: =SUMIFS('<< Working >>'!$J:$J, '<< Working >>'!$D:$D, 'Supplier Wise Yearly'!$B$1, '<< Working >>'!$R:$R, 'Supplier Wise Yearly'!H$6, '<< Working >>'!$L:$L, 'Supplier Wise Yearly'!$B66, '<< Working >>'!$N:$N, 'Supplier Wise Yearly'!$B$2) -> 0 | I66: =SUMIFS('<< Working >>'!$J:$J, '<< Working >>'!$D:$D, 'Supplier Wise Yearly'!$B$1, '<< Working >>'!$R:$R, 'Supplier Wise Yearly'!I$6, '<< Working >>'!$L:$L, 'Supplier Wise Yearly'!$B66, '<< Working >>'!$N:$N, 'Supplier Wise Yearly'!$B$2) -> 0 | J66: =SUMIFS('<< Working >>'!$J:$J, '<< Working >>'!$D:$D, 'Supplier Wise Yearly'!$B$1, '<< Working >>'!$R:$R, 'Supplier Wise Yearly'!J$6, '<< Working >>'!$L:$L, 'Supplier Wise Yearly'!$B66, '<< Working >>'!$N:$N, 'Supplier Wise Yearly'!$B$2) -> 0 | ... N66: =SUMIFS('<< Working >>'!$J:$J, '<< Working >>'!$D:$D, 'Supplier Wise Yearly'!$B$1, '<< Working >>'!$R:$R, 'Supplier Wise Yearly'!N$6, '<< Working >>'!$L:$L, 'Supplier Wise Yearly'!$B66, '<< Working >>'!$N:$N, 'Supplier Wise Yearly'!$B$2) -> 0 | O66: =SUM(C66:N66) -> 0 | Q66: =IF(O66>0, "Yes", "No") -> No

Sheet All Suppliers Monthly
B1: Month | C1: 45748
B2: Type | C2: Outright
D4: =SUM(D7:D66) -> 17850 | E4: =SUM(E7:E66) -> 8500 | F4: =SUM(F7:F66) -> 10000 | G4: =SUM(G7:G66) -> 0 | H4: =SUM(H7:H66) -> 0 | I4: =SUM(I7:I66) -> 0 | J4: =SUM(J7:J66) -> 0 | K4: =SUM(K7:K66) -> 0 | L4: =SUM(L7:L66) -> 0 | M4: Total
D5: =SUBTOTAL(9, D7:D66) -> 17850 | E5: =SUBTOTAL(9, E7:E66) -> 8500 | F5: =SUBTOTAL(9, F7:F66) -> 10000 | G5: =SUBTOTAL(9, G7:G66) -> 0 | H5: =SUBTOTAL(9, H7:H66) -> 0 | I5: =SUBTOTAL(9, I7:I66) -> 0 | J5: =SUBTOTAL(9, J7:J66) -> 0 | K5: =SUBTOTAL(9, K7:K66) -> 0 | L5: =SUBTOTAL(9, L7:L66) -> 0 | M5: Sub-Total
A6: Qty | B6: Type | C6: Company | D6: CVPL | E6: Paragon | F6: Prestine | G6: Kamakya | H6: Treenity | I6: Intime | J6: Purav | K6: Value | L6: SVP
A7: =IF(SUM(D7:L7)>0,"Yes","No") -> No | B7: =VLOOKUP(C7, 'Items Master'!E:F,2,0) -> Domestic | C7: IOCL | D7: =SUMIFS('<< Working >>'!$J:$J, '<< Working >>'!$E:$E, 'All Suppliers Monthly'!D$6, '<< Working >>'!$R:$R, 'All Suppliers Monthly'!$C$1, '<< Working >>'!$N:$N, 'All Suppliers Monthly'!$C$2, '<< Working >>'!$L:$L, 'All Suppliers Monthly'!$C7) -> 0 | E7: =SUMIFS('<< Working >>'!$J:$J, '<< Working >>'!$E:$E, 'All Suppliers Monthly'!E$6, '<< Working >>'!$R:$R, 'All Suppliers Monthly'!$C$1, '<< Working >>'!$N:$N, 'All Suppliers Monthly'!$C$2, '<< Working >>'!$L:$L, 'All Suppliers Monthly'!$C7) -> 0 | F7: =SUMIFS('<< Working >>'!$J:$J, '<< Working >>'!$E:$E, 'All Suppliers Monthly'!F$6, '<< Working >>'!$R:$R, 'All Suppliers Monthly'!$C$1, '<< Working >>'!$N:$N, 'All Suppliers Monthly'!$C$2, '<< Working >>'!$L:$L, 'All Suppliers Monthly'!$C7) -> 0 | G7: =SUMIFS('<< Working >>'!$J:$J, '<< Working >>'!$E:$E, 'All Suppliers Monthly'!G$6, '<< Working >>'!$R:$R, 'All Suppliers Monthly'!$C$1, '<< Working >>'!$N:$N, 'All Suppliers Monthly'!$C$2, '<< Working >>'!$L:$L, 'All Suppliers Monthly'!$C7) -> 0 | H7: =SUMIFS('<< Working >>'!$J:$J, '<< Working >>'!$E:$E, 'All Suppliers Monthly'!H$6, '<< Working >>'!$R:$R, 'All Suppliers Monthly'!$C$1, '<< Working >>'!$N:$N, 'All Suppliers Monthly'!$C$2, '<< Working >>'!$L:$L, 'All Suppliers Monthly'!$C7) -> 0 | I7: =SUMIFS('<< Working >>'!$J:$J, '<< Working >>'!$E:$E, 'All Suppliers Monthly'!I$6, '<< Working >>'!$R:$R, 'All Suppliers Monthly'!$C$1, '<< Working >>'!$N:$N, 'All Suppliers Monthly'!$C$2, '<< Working >>'!$L:$L, 'All Suppliers Monthly'!$C7) -> 0 | J7: =SUMIFS('<< Working >>'!$J:$J, '<< Working >>'!$E:$E, 'All Suppliers Monthly'!J$6, '<< Working >>'!$R:$R, 'All Suppliers Monthly'!$C$1, '<< Working >>'!$N:$N, 'All Suppliers Monthly'!$C$2, '<< Working >>'!$L:$L, 'All Suppliers Monthly'!$C7) -> 0 | K7: =SUMIFS('<< Working >>'!$J:$J, '<< Working >>'!$E:$E, 'All Suppliers Monthly'!K$6, '<< Working >>'!$R:$R, 'All Suppliers Monthly'!$C$1, '<< Working >>'!$N:$N, 'All Suppliers Monthly'!$C$2, '<< Working >>'!$L:$L, 'All Suppliers Monthly'!$C7) -> 0 | L7: =SUMIFS('<< Working >>'!$J:$J, '<< Working >>'!$E:$E, 'All Suppliers Monthly'!L$6, '<< Working >>'!$R:$R, 'All Suppliers Monthly'!$C$1, '<< Working >>'!$N:$N, 'All Suppliers Monthly'!$C$2, '<< Working >>'!$L:$L, 'All Suppliers Monthly'!$C7) -> 0
A8: =IF(SUM(D8:L8)>0,"Yes","No") -> Yes | B8: =VLOOKUP(C8, 'Items Master'!E:F,2,0) -> Domestic | C8: HMEL | D8: =SUMIFS('<< Working >>'!$J:$J, '<< Working >>'!$E:$E, 'All Suppliers Monthly'!D$6, '<< Working >>'!$R:$R, 'All Suppliers Monthly'!$C$1, '<< Working >>'!$N:$N, 'All Suppliers Monthly'!$C$2, '<< Working >>'!$L:$L, 'All Suppliers Monthly'!$C8) -> 1000 | E8: =SUMIFS('<< Working >>'!$J:$J, '<< Working >>'!$E:$E, 'All Suppliers Monthly'!E$6, '<< Working >>'!$R:$R, 'All Suppliers Monthly'!$C$1, '<< Working >>'!$N:$N, 'All Suppliers Monthly'!$C$2, '<< Working >>'!$L:$L, 'All Suppliers Monthly'!$C8) -> 0 | F8: =SUMIFS('<< Working >>'!$J:$J, '<< Working >>'!$E:$E, 'All Suppliers Monthly'!F$6, '<< Working >>'!$R:$R, 'All Suppliers Monthly'!$C$1, '<< Working >>'!$N:$N, 'All Suppliers Monthly'!$C$2, '<< Working >>'!$L:$L, 'All Suppliers Monthly'!$C8) -> 0 | G8: =SUMIFS('<< Working >>'!$J:$J, '<< Working >>'!$E:$E, 'All Suppliers Monthly'!G$6, '<< Working >>'!$R:$R, 'All Suppliers Monthly'!$C$1, '<< Working >>'!$N:$N, 'All Suppliers Monthly'!$C$2, '<< Working >>'!$L:$L, 'All Suppliers Monthly'!$C8) -> 0 | H8: =SUMIFS('<< Working >>'!$J:$J, '<< Working >>'!$E:$E, 'All Suppliers Monthly'!H$6, '<< Working >>'!$R:$R, 'All Suppliers Monthly'!$C$1, '<< Working >>'!$N:$N, 'All Suppliers Monthly'!$C$2, '<< Working >>'!$L:$L, 'All Suppliers Monthly'!$C8) -> 0 | I8: =SUMIFS('<< Working >>'!$J:$J, '<< Working >>'!$E:$E, 'All Suppliers Monthly'!I$6, '<< Working >>'!$R:$R, 'All Suppliers Monthly'!$C$1, '<< Working >>'!$N:$N, 'All Suppliers Monthly'!$C$2, '<< Working >>'!$L:$L, 'All Suppliers Monthly'!$C8) -> 0 | J8: =SUMIFS('<< Working >>'!$J:$J, '<< Working >>'!$E:$E, 'All Suppliers Monthly'!J$6, '<< Working >>'!$R:$R, 'All Suppliers Monthly'!$C$1, '<< Working >>'!$N:$N, 'All Suppliers Monthly'!$C$2, '<< Working >>'!$L:$L, 'All Suppliers Monthly'!$C8) -> 0 | K8: =SUMIFS('<< Working >>'!$J:$J, '<< Working >>'!$E:$E, 'All Suppliers Monthly'!K$6, '<< Working >>'!$R:$R, 'All Suppliers Monthly'!$C$1, '<< Working >>'!$N:$N, 'All Suppliers Monthly'!$C$2, '<< Working >>'!$L:$L, 'All Suppliers Monthly'!$C8) -> 0 | L8: =SUMIFS('<< Working >>'!$J:$J, '<< Working >>'!$E:$E, 'All Suppliers Monthly'!L$6, '<< Working >>'!$R:$R, 'All Suppliers Monthly'!$C$1, '<< Working >>'!$N:$N, 'All Suppliers Monthly'!$C$2, '<< Working >>'!$L:$L, 'All Suppliers Monthly'!$C8) -> 0
A9: =IF(SUM(D9:L9)>0,"Yes","No") -> No | B9: =VLOOKUP(C9, 'Items Master'!E:F,2,0) -> Domestic | C9: MRPL | D9: =SUMIFS('<< Working >>'!$J:$J, '<< Working >>'!$E:$E, 'All Suppliers Monthly'!D$6, '<< Working >>'!$R:$R, 'All Suppliers Monthly'!$C$1, '<< Working >>'!$N:$N, 'All Suppliers Monthly'!$C$2, '<< Working >>'!$L:$L, 'All Suppliers Monthly'!$C9) -> 0 | E9: =SUMIFS('<< Working >>'!$J:$J, '<< Working >>'!$E:$E, 'All Suppliers Monthly'!E$6, '<< Working >>'!$R:$R, 'All Suppliers Monthly'!$C$1, '<< Working >>'!$N:$N, 'All Suppliers Monthly'!$C$2, '<< Working >>'!$L:$L, 'All Suppliers Monthly'!$C9) -> 0 | F9: =SUMIFS('<< Working >>'!$J:$J, '<< Working >>'!$E:$E, 'All Suppliers Monthly'!F$6, '<< Working >>'!$R:$R, 'All Suppliers Monthly'!$C$1, '<< Working >>'!$N:$N, 'All Suppliers Monthly'!$C$2, '<< Working >>'!$L:$L, 'All Suppliers Monthly'!$C9) -> 0 | G9: =SUMIFS('<< Working >>'!$J:$J, '<< Working >>'!$E:$E, 'All Suppliers Monthly'!G$6, '<< Working >>'!$R:$R, 'All Suppliers Monthly'!$C$1, '<< Working >>'!$N:$N, 'All Suppliers Monthly'!$C$2, '<< Working >>'!$L:$L, 'All Suppliers Monthly'!$C9) -> 0 | H9: =SUMIFS('<< Working >>'!$J:$J, '<< Working >>'!$E:$E, 'All Suppliers Monthly'!H$6, '<< Working >>'!$R:$R, 'All Suppliers Monthly'!$C$1, '<< Working >>'!$N:$N, 'All Suppliers Monthly'!$C$2, '<< Working >>'!$L:$L, 'All Suppliers Monthly'!$C9) -> 0 | I9: =SUMIFS('<< Working >>'!$J:$J, '<< Working >>'!$E:$E, 'All Suppliers Monthly'!I$6, '<< Working >>'!$R:$R, 'All Suppliers Monthly'!$C$1, '<< Working >>'!$N:$N, 'All Suppliers Monthly'!$C$2, '<< Working >>'!$L:$L, 'All Suppliers Monthly'!$C9) -> 0 | J9: =SUMIFS('<< Working >>'!$J:$J, '<< Working >>'!$E:$E, 'All Suppliers Monthly'!J$6, '<< Working >>'!$R:$R, 'All Suppliers Monthly'!$C$1, '<< Working >>'!$N:$N, 'All Suppliers Monthly'!$C$2, '<< Working >>'!$L:$L, 'All Suppliers Monthly'!$C9) -> 0 | K9: =SUMIFS('<< Working >>'!$J:$J, '<< Working >>'!$E:$E, 'All Suppliers Monthly'!K$6, '<< Working >>'!$R:$R, 'All Suppliers Monthly'!$C$1, '<< Working >>'!$N:$N, 'All Suppliers Monthly'!$C$2, '<< Working >>'!$L:$L, 'All Suppliers Monthly'!$C9) -> 0 | L9: =SUMIFS('<< Working >>'!$J:$J, '<< Working >>'!$E:$E, 'All Suppliers Monthly'!L$6, '<< Working >>'!$R:$R, 'All Suppliers Monthly'!$C$1, '<< Working >>'!$N:$N, 'All Suppliers Monthly'!$C$2, '<< Working >>'!$L:$L, 'All Suppliers Monthly'!$C9) -> 0
A10: =IF(SUM(D10:L10)>0,"Yes","No") -> Yes | B10: =VLOOKUP(C10, 'Items Master'!E:F,2,0) -> Domestic | C10: GAIL | D10: =SUMIFS('<< Working >>'!$J:$J, '<< Working >>'!$E:$E, 'All Suppliers Monthly'!D$6, '<< Working >>'!$R:$R, 'All Suppliers Monthly'!$C$1, '<< Working >>'!$N:$N, 'All Suppliers Monthly'!$C$2, '<< Working >>'!$L:$L, 'All Suppliers Monthly'!$C10) -> 10850 | E10: =SUMIFS('<< Working >>'!$J:$J, '<< Working >>'!$E:$E, 'All Suppliers Monthly'!E$6, '<< Working >>'!$R:$R, 'All Suppliers Monthly'!$C$1, '<< Working >>'!$N:$N, 'All Suppliers Monthly'!$C$2, '<< Working >>'!$L:$L, 'All Suppliers Monthly'!$C10) -> 0 | F10: =SUMIFS('<< Working >>'!$J:$J, '<< Working >>'!$E:$E, 'All Suppliers Monthly'!F$6, '<< Working >>'!$R:$R, 'All Suppliers Monthly'!$C$1, '<< Working >>'!$N:$N, 'All Suppliers Monthly'!$C$2, '<< Working >>'!$L:$L, 'All Suppliers Monthly'!$C10) -> 0 | G10: =SUMIFS('<< Working >>'!$J:$J, '<< Working >>'!$E:$E, 'All Suppliers Monthly'!G$6, '<< Working >>'!$R:$R, 'All Suppliers Monthly'!$C$1, '<< Working >>'!$N:$N, 'All Suppliers Monthly'!$C$2, '<< Working >>'!$L:$L, 'All Suppliers Monthly'!$C10) -> 0 | H10: =SUMIFS('<< Working >>'!$J:$J, '<< Working >>'!$E:$E, 'All Suppliers Monthly'!H$6, '<< Working >>'!$R:$R, 'All Suppliers Monthly'!$C$1, '<< Working >>'!$N:$N, 'All Suppliers Monthly'!$C$2, '<< Working >>'!$L:$L, 'All Suppliers Monthly'!$C10) -> 0 | I10: =SUMIFS('<< Working >>'!$J:$J, '<< Working >>'!$E:$E, 'All Suppliers Monthly'!I$6, '<< Working >>'!$R:$R, 'All Suppliers Monthly'!$C$1, '<< Working >>'!$N:$N, 'All Suppliers Monthly'!$C$2, '<< Working >>'!$L:$L, 'All Suppliers Monthly'!$C10) -> 0 | J10: =SUMIFS('<< Working >>'!$J:$J, '<< Working >>'!$E:$E, 'All Suppliers Monthly'!J$6, '<< Working >>'!$R:$R, 'All Suppliers Monthly'!$C$1, '<< Working >>'!$N:$N, 'All Suppliers Monthly'!$C$2, '<< Working >>'!$L:$L, 'All Suppliers Monthly'!$C10) -> 0 | K10: =SUMIFS('<< Working >>'!$J:$J, '<< Working >>'!$E:$E, 'All Suppliers Monthly'!K$6, '<< Working >>'!$R:$R, 'All Suppliers Monthly'!$C$1, '<< Working >>'!$N:$N, 'All Suppliers Monthly'!$C$2, '<< Working >>'!$L:$L, 'All Suppliers Monthly'!$C10) -> 0 | L10: =SUMIFS('<< Working >>'!$J:$J, '<< Working >>'!$E:$E, 'All Suppliers Monthly'!L$6, '<< Working >>'!$R:$R, 'All Suppliers Monthly'!$C$1, '<< Working >>'!$N:$N, 'All Suppliers Monthly'!$C$2, '<< Working >>'!$L:$L, 'All Suppliers Monthly'!$C10) -> 0
A11: =IF(SUM(D11:L11)>0,"Yes","No") -> No | B11: =VLOOKUP(C11, 'Items Master'!E:F,2,0) -> Domestic | C11: BCPL | D11: =SUMIFS('<< Working >>'!$J:$J, '<< Working >>'!$E:$E, 'All Suppliers Monthly'!D$6, '<< Working >>'!$R:$R, 'All Suppliers Monthly'!$C$1, '<< Working >>'!$N:$N, 'All Suppliers Monthly'!$C$2, '<< Working >>'!$L:$L, 'All Suppliers Monthly'!$C11) -> 0 | E11: =SUMIFS('<< Working >>'!$J:$J, '<< Working >>'!$E:$E, 'All Suppliers Monthly'!E$6, '<< Working >>'!$R:$R, 'All Suppliers Monthly'!$C$1, '<< Working >>'!$N:$N, 'All Suppliers Monthly'!$C$2, '<< Working >>'!$L:$L, 'All Suppliers Monthly'!$C11) -> 0 | F11: =SUMIFS('<< Working >>'!$J:$J, '<< Working >>'!$E:$E, 'All Suppliers Monthly'!F$6, '<< Working >>'!$R:$R, 'All Suppliers Monthly'!$C$1, '<< Working >>'!$N:$N, 'All Suppliers Monthly'!$C$2, '<< Working >>'!$L:$L, 'All Suppliers Monthly'!$C11) -> 0 | G11: =SUMIFS('<< Working >>'!$J:$J, '<< Working >>'!$E:$E, 'All Suppliers Monthly'!G$6, '<< Working >>'!$R:$R, 'All Suppliers Monthly'!$C$1, '<< Working >>'!$N:$N, 'All Suppliers Monthly'!$C$2, '<< Working >>'!$L:$L, 'All Suppliers Monthly'!$C11) -> 0 | H11: =SUMIFS('<< Working >>'!$J:$J, '<< Working >>'!$E:$E, 'All Suppliers Monthly'!H$6, '<< Working >>'!$R:$R, 'All Suppliers Monthly'!$C$1, '<< Working >>'!$N:$N, 'All Suppliers Monthly'!$C$2, '<< Working >>'!$L:$L, 'All Suppliers Monthly'!$C11) -> 0 | I11: =SUMIFS('<< Working >>'!$J:$J, '<< Working >>'!$E:$E, 'All Suppliers Monthly'!I$6, '<< Working >>'!$R:$R, 'All Suppliers Monthly'!$C$1, '<< Working >>'!$N:$N, 'All Suppliers Monthly'!$C$2, '<< Working >>'!$L:$L, 'All Suppliers Monthly'!$C11) -> 0 | J11: =SUMIFS('<< Working >>'!$J:$J, '<< Working >>'!$E:$E, 'All Suppliers Monthly'!J$6, '<< Working >>'!$R:$R, 'All Suppliers Monthly'!$C$1, '<< Working >>'!$N:$N, 'All Suppliers Monthly'!$C$2, '<< Working >>'!$L:$L, 'All Suppliers Monthly'!$C11) -> 0 | K11: =SUMIFS('<< Working >>'!$J:$J, '<< Working >>'!$E:$E, 'All Suppliers Monthly'!K$6, '<< Working >>'!$R:$R, 'All Suppliers Monthly'!$C$1, '<< Working >>'!$N:$N, 'All Suppliers Monthly'!$C$2, '<< Working >>'!$L:$L, 'All Suppliers Monthly'!$C11) -> 0 | L11: =SUMIFS('<< Working >>'!$J:$J, '<< Working >>'!$E:$E, 'All Suppliers Monthly'!L$6, '<< Working >>'!$R:$R, 'All Suppliers Monthly'!$C$1, '<< Working >>'!$N:$N, 'All Suppliers Monthly'!$C$2, '<< Working >>'!$L:$L, 'All Suppliers Monthly'!$C11) -> 0
A12: =IF(SUM(D12:L12)>0,"Yes","No") -> No | B12: =VLOOKUP(C12, 'Items Master'!E:F,2,0) -> Domestic | C12: OPAL | D12: =SUMIFS('<< Working >>'!$J:$J, '<< Working >>'!$E:$E, 'All Suppliers Monthly'!D$6, '<< Working >>'!$R:$R, 'All Suppliers Monthly'!$C$1, '<< Working >>'!$N:$N, 'All Suppliers Monthly'!$C$2, '<< Working >>'!$L:$L, 'All Suppliers Monthly'!$C12) -> 0 | E12: =SUMIFS('<< Working >>'!$J:$J, '<< Working >>'!$E:$E, 'All Suppliers Monthly'!E$6, '<< Working >>'!$R:$R, 'All Suppliers Monthly'!$C$1, '<< Working >>'!$N:$N, 'All Suppliers Monthly'!$C$2, '<< Working >>'!$L:$L, 'All Suppliers Monthly'!$C12) -> 0 | F12: =SUMIFS('<< Working >>'!$J:$J, '<< Working >>'!$E:$E, 'All Suppliers Monthly'!F$6, '<< Working >>'!$R:$R, 'All Suppliers Monthly'!$C$1, '<< Working >>'!$N:$N, 'All Suppliers Monthly'!$C$2, '<< Working >>'!$L:$L, 'All Suppliers Monthly'!$C12) -> 0 | G12: =SUMIFS('<< Working >>'!$J:$J, '<< Working >>'!$E:$E, 'All Suppliers Monthly'!G$6, '<< Working >>'!$R:$R, 'All Suppliers Monthly'!$C$1, '<< Working >>'!$N:$N, 'All Suppliers Monthly'!$C$2, '<< Working >>'!$L:$L, 'All Suppliers Monthly'!$C12) -> 0 | H12: =SUMIFS('<< Working >>'!$J:$J, '<< Working >>'!$E:$E, 'All Suppliers Monthly'!H$6, '<< Working >>'!$R:$R, 'All Suppliers Monthly'!$C$1, '<< Working >>'!$N:$N, 'All Suppliers Monthly'!$C$2, '<< Working >>'!$L:$L, 'All Suppliers Monthly'!$C12) -> 0 | I12: =SUMIFS('<< Working >>'!$J:$J, '<< Working >>'!$E:$E, 'All Suppliers Monthly'!I$6, '<< Working >>'!$R:$R, 'All Suppliers Monthly'!$C$1, '<< Working >>'!$N:$N, 'All Suppliers Monthly'!$C$2, '<< Working >>'!$L:$L, 'All Suppliers Monthly'!$C12) -> 0 | J12: =SUMIFS('<< Working >>'!$J:$J, '<< Working >>'!$E:$E, 'All Suppliers Monthly'!J$6, '<< Working >>'!$R:$R, 'All Suppliers Monthly'!$C$1, '<< Working >>'!$N:$N, 'All Suppliers Monthly'!$C$2, '<< Working >>'!$L:$L, 'All Suppliers Monthly'!$C12) -> 0 | K12: =SUMIFS('<< Working >>'!$J:$J, '<< Working >>'!$E:$E, 'All Suppliers Monthly'!K$6, '<< Working >>'!$R:$R, 'All Suppliers Monthly'!$C$1, '<< Working >>'!$N:$N, 'All Suppliers Monthly'!$C$2, '<< Working >>'!$L:$L, 'All Suppliers Monthly'!$C12) -> 0 | L12: =SUMIFS('<< Working >>'!$J:$J, '<< Working >>'!$E:$E, 'All Suppliers Monthly'!L$6, '<< Working >>'!$R:$R, 'All Suppliers Monthly'!$C$1, '<< Working >>'!$N:$N, 'All Suppliers Monthly'!$C$2, '<< Working >>'!$L:$L, 'All Suppliers Monthly'!$C12) -> 0
A13: =IF(SUM(D13:L13)>0,"Yes","No") -> Yes | B13: =VLOOKUP(C13, 'Items Master'!E:F,2,0) -> Domestic | C13: RIL | D13: =SUMIFS('<< Working >>'!$J:$J, '<< Working >>'!$E:$E, 'All Suppliers Monthly'!D$6, '<< Working >>'!$R:$R, 'All Suppliers Monthly'!$C$1, '<< Working >>'!$N:$N, 'All Suppliers Monthly'!$C$2, '<< Working >>'!$L:$L, 'All Suppliers Monthly'!$C13) -> 6000 | E13: =SUMIFS('<< Working >>'!$J:$J, '<< Working >>'!$E:$E, 'All Suppliers Monthly'!E$6, '<< Working >>'!$R:$R, 'All Suppliers Monthly'!$C$1, '<< Working >>'!$N:$N, 'All Suppliers Monthly'!$C$2, '<< Working >>'!$L:$L, 'All Suppliers Monthly'!$C13) -> 8500 | F13: =SUMIFS('<< Working >>'!$J:$J, '<< Working >>'!$E:$E, 'All Suppliers Monthly'!F$6, '<< Working >>'!$R:$R, 'All Suppliers Monthly'!$C$1, '<< Working >>'!$N:$N, 'All Suppliers Monthly'!$C$2, '<< Working >>'!$L:$L, 'All Suppliers Monthly'!$C13) -> 10000 | G13: =SUMIFS('<< Working >>'!$J:$J, '<< Working >>'!$E:$E, 'All Suppliers Monthly'!G$6, '<< Working >>'!$R:$R, 'All Suppliers Monthly'!$C$1, '<< Working >>'!$N:$N, 'All Suppliers Monthly'!$C$2, '<< Working >>'!$L:$L, 'All Suppliers Monthly'!$C13) -> 0 | H13: =SUMIFS('<< Working >>'!$J:$J, '<< Working >>'!$E:$E, 'All Suppliers Monthly'!H$6, '<< Working >>'!$R:$R, 'All Suppliers Monthly'!$C$1, '<< Working >>'!$N:$N, 'All Suppliers Monthly'!$C$2, '<< Working >>'!$L:$L, 'All Suppliers Monthly'!$C13) -> 0 | I13: =SUMIFS('<< Working >>'!$J:$J, '<< Working >>'!$E:$E, 'All Suppliers Monthly'!I$6, '<< Working >>'!$R:$R, 'All Suppliers Monthly'!$C$1, '<< Working >>'!$N:$N, 'All Suppliers Monthly'!$C$2, '<< Working >>'!$L:$L, 'All Suppliers Monthly'!$C13) -> 0 | J13: =SUMIFS('<< Working >>'!$J:$J, '<< Working >>'!$E:$E, 'All Suppliers Monthly'!J$6, '<< Working >>'!$R:$R, 'All Suppliers Monthly'!$C$1, '<< Working >>'!$N:$N, 'All Suppliers Monthly'!$C$2, '<< Working >>'!$L:$L, 'All Suppliers Monthly'!$C13) -> 0 | K13: =SUMIFS('<< Working >>'!$J:$J, '<< Working >>'!$E:$E, 'All Suppliers Monthly'!K$6, '<< Working >>'!$R:$R, 'All Suppliers Monthly'!$C$1, '<< Working >>'!$N:$N, 'All Suppliers Monthly'!$C$2, '<< Working >>'!$L:$L, 'All Suppliers Monthly'!$C13) -> 0 | L13: =SUMIFS('<< Working >>'!$J:$J, '<< Working >>'!$E:$E, 'All Suppliers Monthly'!L$6, '<< Working >>'!$R:$R, 'All Suppliers Monthly'!$C$1, '<< Working >>'!$N:$N, 'All Suppliers Monthly'!$C$2, '<< Working >>'!$L:$L, 'All Suppliers Monthly'!$C13) -> 0
A14: =IF(SUM(D14:L14)>0,"Yes","No") -> No | B14: =VLOOKUP(C14, 'Items Master'!E:F,2,0) -> Domestic | C14: HALDIA | D14: =SUMIFS('<< Working >>'!$J:$J, '<< Working >>'!$E:$E, 'All Suppliers Monthly'!D$6, '<< Working >>'!$R:$R, 'All Suppliers Monthly'!$C$1, '<< Working >>'!$N:$N, 'All Suppliers Monthly'!$C$2, '<< Working >>'!$L:$L, 'All Suppliers Monthly'!$C14) -> 0 | E14: =SUMIFS('<< Working >>'!$J:$J, '<< Working >>'!$E:$E, 'All Suppliers Monthly'!E$6, '<< Working >>'!$R:$R, 'All Suppliers Monthly'!$C$1, '<< Working >>'!$N:$N, 'All Suppliers Monthly'!$C$2, '<< Working >>'!$L:$L, 'All Suppliers Monthly'!$C14) -> 0 | F14: =SUMIFS('<< Working >>'!$J:$J, '<< Working >>'!$E:$E, 'All Suppliers Monthly'!F$6, '<< Working >>'!$R:$R, 'All Suppliers Monthly'!$C$1, '<< Working >>'!$N:$N, 'All Suppliers Monthly'!$C$2, '<< Working >>'!$L:$L, 'All Suppliers Monthly'!$C14) -> 0 | G14: =SUMIFS('<< Working >>'!$J:$J, '<< Working >>'!$E:$E, 'All Suppliers Monthly'!G$6, '<< Working >>'!$R:$R, 'All Suppliers Monthly'!$C$1, '<< Working >>'!$N:$N, 'All Suppliers Monthly'!$C$2, '<< Working >>'!$L:$L, 'All Suppliers Monthly'!$C14) -> 0 | H14: =SUMIFS('<< Working >>'!$J:$J, '<< Working >>'!$E:$E, 'All Suppliers Monthly'!H$6, '<< Working >>'!$R:$R, 'All Suppliers Monthly'!$C$1, '<< Working >>'!$N:$N, 'All Suppliers Monthly'!$C$2, '<< Working >>'!$L:$L, 'All Suppliers Monthly'!$C14) -> 0 | I14: =SUMIFS('<< Working >>'!$J:$J, '<< Working >>'!$E:$E, 'All Suppliers Monthly'!I$6, '<< Working >>'!$R:$R, 'All Suppliers Monthly'!$C$1, '<< Working >>'!$N:$N, 'All Suppliers Monthly'!$C$2, '<< Working >>'!$L:$L, 'All Suppliers Monthly'!$C14) -> 0 | J14: =SUMIFS('<< Working >>'!$J:$J, '<< Working >>'!$E:$E, 'All Suppliers Monthly'!J$6, '<< Working >>'!$R:$R, 'All Suppliers Monthly'!$C$1, '<< Working >>'!$N:$N, 'All Suppliers Monthly'!$C$2, '<< Working >>'!$L:$L, 'All Suppliers Monthly'!$C14) -> 0 | K14: =SUMIFS('<< Working >>'!$J:$J, '<< Working >>'!$E:$E, 'All Suppliers Monthly'!K$6, '<< Working >>'!$R:$R, 'All Suppliers Monthly'!$C$1, '<< Working >>'!$N:$N, 'All Suppliers Monthly'!$C$2, '<< Working >>'!$L:$L, 'All Suppliers Monthly'!$C14) -> 0 | L14: =SUMIFS('<< Working >>'!$J:$J, '<< Working >>'!$E:$E, 'All Suppliers Monthly'!L$6, '<< Working >>'!$R:$R, 'All Suppliers Monthly'!$C$1, '<< Working >>'!$N:$N, 'All Suppliers Monthly'!$C$2, '<< Working >>'!$L:$L, 'All Suppliers Monthly'!$C14) -> 0
A15: =IF(SUM(D15:L15)>0,"Yes","No") -> No | B15: =VLOOKUP(C15, 'Items Master'!E:F,2,0) -> Import | C15: MARLEX | D15: =SUMIFS('<< Working >>'!$J:$J, '<< Working >>'!$E:$E, 'All Suppliers Monthly'!D$6, '<< Working >>'!$R:$R, 'All Suppliers Monthly'!$C$1, '<< Working >>'!$N:$N, 'All Suppliers Monthly'!$C$2, '<< Working >>'!$L:$L, 'All Suppliers Monthly'!$C15) -> 0 | E15: =SUMIFS('<< Working >>'!$J:$J, '<< Working >>'!$E:$E, 'All Suppliers Monthly'!E$6, '<< Working >>'!$R:$R, 'All Suppliers Monthly'!$C$1, '<< Working >>'!$N:$N, 'All Suppliers Monthly'!$C$2, '<< Working >>'!$L:$L, 'All Suppliers Monthly'!$C15) -> 0 | F15: =SUMIFS('<< Working >>'!$J:$J, '<< Working >>'!$E:$E, 'All Suppliers Monthly'!F$6, '<< Working >>'!$R:$R, 'All Suppliers Monthly'!$C$1, '<< Working >>'!$N:$N, 'All Suppliers Monthly'!$C$2, '<< Working >>'!$L:$L, 'All Suppliers Monthly'!$C15) -> 0 | G15: =SUMIFS('<< Working >>'!$J:$J, '<< Working >>'!$E:$E, 'All Suppliers Monthly'!G$6, '<< Working >>'!$R:$R, 'All Suppliers Monthly'!$C$1, '<< Working >>'!$N:$N, 'All Suppliers Monthly'!$C$2, '<< Working >>'!$L:$L, 'All Suppliers Monthly'!$C15) -> 0 | H15: =SUMIFS('<< Working >>'!$J:$J, '<< Working >>'!$E:$E, 'All Suppliers Monthly'!H$6, '<< Working >>'!$R:$R, 'All Suppliers Monthly'!$C$1, '<< Working >>'!$N:$N, 'All Suppliers Monthly'!$C$2, '<< Working >>'!$L:$L, 'All Suppliers Monthly'!$C15) -> 0 | I15: =SUMIFS('<< Working >>'!$J:$J, '<< Working >>'!$E:$E, 'All Suppliers Monthly'!I$6, '<< Working >>'!$R:$R, 'All Suppliers Monthly'!$C$1, '<< Working >>'!$N:$N, 'All Suppliers Monthly'!$C$2, '<< Working >>'!$L:$L, 'All Suppliers Monthly'!$C15) -> 0 | J15: =SUMIFS('<< Working >>'!$J:$J, '<< Working >>'!$E:$E, 'All Suppliers Monthly'!J$6, '<< Working >>'!$R:$R, 'All Suppliers Monthly'!$C$1, '<< Working >>'!$N:$N, 'All Suppliers Monthly'!$C$2, '<< Working >>'!$L:$L, 'All Suppliers Monthly'!$C15) -> 0 | K15: =SUMIFS('<< Working >>'!$J:$J, '<< Working >>'!$E:$E, 'All Suppliers Monthly'!K$6, '<< Working >>'!$R:$R, 'All Suppliers Monthly'!$C$1, '<< Working >>'!$N:$N, 'All Suppliers Monthly'!$C$2, '<< Working >>'!$L:$L, 'All Suppliers Monthly'!$C15) -> 0 | L15: =SUMIFS('<< Working >>'!$J:$J, '<< Working >>'!$E:$E, 'All Suppliers Monthly'!L$6, '<< Working >>'!$R:$R, 'All Suppliers Monthly'!$C$1, '<< Working >>'!$N:$N, 'All Suppliers Monthly'!$C$2, '<< Working >>'!$L:$L, 'All Suppliers Monthly'!$C15) -> 0
A16: =IF(SUM(D16:L16)>0,"Yes","No") -> No | B16: =VLOOKUP(C16, 'Items Master'!E:F,2,0) -> Import | C16: LOTRENE | D16: =SUMIFS('<< Working >>'!$J:$J, '<< Working >>'!$E:$E, 'All Suppliers Monthly'!D$6, '<< Working >>'!$R:$R, 'All Suppliers Monthly'!$C$1, '<< Working >>'!$N:$N, 'All Suppliers Monthly'!$C$2, '<< Working >>'!$L:$L, 'All Suppliers Monthly'!$C16) -> 0 | E16: =SUMIFS('<< Working >>'!$J:$J, '<< Working >>'!$E:$E, 'All Suppliers Monthly'!E$6, '<< Working >>'!$R:$R, 'All Suppliers Monthly'!$C$1, '<< Working >>'!$N:$N, 'All Suppliers Monthly'!$C$2, '<< Working >>'!$L:$L, 'All Suppliers Monthly'!$C16) -> 0 | F16: =SUMIFS('<< Working >>'!$J:$J, '<< Working >>'!$E:$E, 'All Suppliers Monthly'!F$6, '<< Working >>'!$R:$R, 'All Suppliers Monthly'!$C$1, '<< Working >>'!$N:$N, 'All Suppliers Monthly'!$C$2, '<< Working >>'!$L:$L, 'All Suppliers Monthly'!$C16) -> 0 | G16: =SUMIFS('<< Working >>'!$J:$J, '<< Working >>'!$E:$E, 'All Suppliers Monthly'!G$6, '<< Working >>'!$R:$R, 'All Suppliers Monthly'!$C$1, '<< Working >>'!$N:$N, 'All Suppliers Monthly'!$C$2, '<< Working >>'!$L:$L, 'All Suppliers Monthly'!$C16) -> 0 | H16: =SUMIFS('<< Working >>'!$J:$J, '<< Working >>'!$E:$E, 'All Suppliers Monthly'!H$6, '<< Working >>'!$R:$R, 'All Suppliers Monthly'!$C$1, '<< Working >>'!$N:$N, 'All Suppliers Monthly'!$C$2, '<< Working >>'!$L:$L, 'All Suppliers Monthly'!$C16) -> 0 | I16: =SUMIFS('<< Working >>'!$J:$J, '<< Working >>'!$E:$E, 'All Suppliers Monthly'!I$6, '<< Working >>'!$R:$R, 'All Suppliers Monthly'!$C$1, '<< Working >>'!$N:$N, 'All Suppliers Monthly'!$C$2, '<< Working >>'!$L:$L, 'All Suppliers Monthly'!$C16) -> 0 | J16: =SUMIFS('<< Working >>'!$J:$J, '<< Working >>'!$E:$E, 'All Suppliers Monthly'!J$6, '<< Working >>'!$R:$R, 'All Suppliers Monthly'!$C$1, '<< Working >>'!$N:$N, 'All Suppliers Monthly'!$C$2, '<< Working >>'!$L:$L, 'All Suppliers Monthly'!$C16) -> 0 | K16: =SUMIFS('<< Working >>'!$J:$J, '<< Working >>'!$E:$E, 'All Suppliers Monthly'!K$6, '<< Working >>'!$R:$R, 'All Suppliers Monthly'!$C$1, '<< Working >>'!$N:$N, 'All Suppliers Monthly'!$C$2, '<< Working >>'!$L:$L, 'All Suppliers Monthly'!$C16) -> 0 | L16: =SUMIFS('<< Working >>'!$J:$J, '<< Working >>'!$E:$E, 'All Suppliers Monthly'!L$6, '<< Working >>'!$R:$R, 'All Suppliers Monthly'!$C$1, '<< Working >>'!$N:$N, 'All Suppliers Monthly'!$C$2, '<< Working >>'!$L:$L, 'All Suppliers Monthly'!$C16) -> 0
A17: =IF(SUM(D17:L17)>0,"Yes","No") -> No | B17: =VLOOKUP(C17, 'Items Master'!E:F,2,0) -> Import | C17: EXXON | D17: =SUMIFS('<< Working >>'!$J:$J, '<< Working >>'!$E:$E, 'All Suppliers Monthly'!D$6, '<< Working >>'!$R:$R, 'All Suppliers Monthly'!$C$1, '<< Working >>'!$N:$N, 'All Suppliers Monthly'!$C$2, '<< Working >>'!$L:$L, 'All Suppliers Monthly'!$C17) -> 0 | E17: =SUMIFS('<< Working >>'!$J:$J, '<< Working >>'!$E:$E, 'All Suppliers Monthly'!E$6, '<< Working >>'!$R:$R, 'All Suppliers Monthly'!$C$1, '<< Working >>'!$N:$N, 'All Suppliers Monthly'!$C$2, '<< Working >>'!$L:$L, 'All Suppliers Monthly'!$C17) -> 0 | F17: =SUMIFS('<< Working >>'!$J:$J, '<< Working >>'!$E:$E, 'All Suppliers Monthly'!F$6, '<< Working >>'!$R:$R, 'All Suppliers Monthly'!$C$1, '<< Working >>'!$N:$N, 'All Suppliers Monthly'!$C$2, '<< Working >>'!$L:$L, 'All Suppliers Monthly'!$C17) -> 0 | G17: =SUMIFS('<< Working >>'!$J:$J, '<< Working >>'!$E:$E, 'All Suppliers Monthly'!G$6, '<< Working >>'!$R:$R, 'All Suppliers Monthly'!$C$1, '<< Working >>'!$N:$N, 'All Suppliers Monthly'!$C$2, '<< Working >>'!$L:$L, 'All Suppliers Monthly'!$C17) -> 0 | H17: =SUMIFS('<< Working >>'!$J:$J, '<< Working >>'!$E:$E, 'All Suppliers Monthly'!H$6, '<< Working >>'!$R:$R, 'All Suppliers Monthly'!$C$1, '<< Working >>'!$N:$N, 'All Suppliers Monthly'!$C$2, '<< Working >>'!$L:$L, 'All Suppliers Monthly'!$C17) -> 0 | I17: =SUMIFS('<< Working >>'!$J:$J, '<< Working >>'!$E:$E, 'All Suppliers Monthly'!I$6, '<< Working >>'!$R:$R, 'All Suppliers Monthly'!$C$1, '<< Working >>'!$N:$N, 'All Suppliers Monthly'!$C$2, '<< Working >>'!$L:$L, 'All Suppliers Monthly'!$C17) -> 0 | J17: =SUMIFS('<< Working >>'!$J:$J, '<< Working >>'!$E:$E, 'All Suppliers Monthly'!J$6, '<< Working >>'!$R:$R, 'All Suppliers Monthly'!$C$1, '<< Working >>'!$N:$N, 'All Suppliers Monthly'!$C$2, '<< Working >>'!$L:$L, 'All Suppliers Monthly'!$C17) -> 0 | K17: =SUMIFS('<< Working >>'!$J:$J, '<< Working >>'!$E:$E, 'All Suppliers Monthly'!K$6, '<< Working >>'!$R:$R, 'All Suppliers Monthly'!$C$1, '<< Working >>'!$N:$N, 'All Suppliers Monthly'!$C$2, '<< Working >>'!$L:$L, 'All Suppliers Monthly'!$C17) -> 0 | L17: =SUMIFS('<< Working >>'!$J:$J, '<< Working >>'!$E:$E, 'All Suppliers Monthly'!L$6, '<< Working >>'!$R:$R, 'All Suppliers Monthly'!$C$1, '<< Working >>'!$N:$N, 'All Suppliers Monthly'!$C$2, '<< Working >>'!$L:$L, 'All Suppliers Monthly'!$C17) -> 0
A18: =IF(SUM(D18:L18)>0,"Yes","No") -> No | B18: =VLOOKUP(C18, 'Items Master'!E:F,2,0) -> Import | C18: DOW | D18: =SUMIFS('<< Working >>'!$J:$J, '<< Working >>'!$E:$E, 'All Suppliers Monthly'!D$6, '<< Working >>'!$R:$R, 'All Suppliers Monthly'!$C$1, '<< Working >>'!$N:$N, 'All Suppliers Monthly'!$C$2, '<< Working >>'!$L:$L, 'All Suppliers Monthly'!$C18) -> 0 | E18: =SUMIFS('<< Working >>'!$J:$J, '<< Working >>'!$E:$E, 'All Suppliers Monthly'!E$6, '<< Working >>'!$R:$R, 'All Suppliers Monthly'!$C$1, '<< Working >>'!$N:$N, 'All Suppliers Monthly'!$C$2, '<< Working >>'!$L:$L, 'All Suppliers Monthly'!$C18) -> 0 | F18: =SUMIFS('<< Working >>'!$J:$J, '<< Working >>'!$E:$E, 'All Suppliers Monthly'!F$6, '<< Working >>'!$R:$R, 'All Suppliers Monthly'!$C$1, '<< Working >>'!$N:$N, 'All Suppliers Monthly'!$C$2, '<< Working >>'!$L:$L, 'All Suppliers Monthly'!$C18) -> 0 | G18: =SUMIFS('<< Working >>'!$J:$J, '<< Working >>'!$E:$E, 'All Suppliers Monthly'!G$6, '<< Working >>'!$R:$R, 'All Suppliers Monthly'!$C$1, '<< Working >>'!$N:$N, 'All Suppliers Monthly'!$C$2, '<< Working >>'!$L:$L, 'All Suppliers Monthly'!$C18) -> 0 | H18: =SUMIFS('<< Working >>'!$J:$J, '<< Working >>'!$E:$E, 'All Suppliers Monthly'!H$6, '<< Working >>'!$R:$R, 'All Suppliers Monthly'!$C$1, '<< Working >>'!$N:$N, 'All Suppliers Monthly'!$C$2, '<< Working >>'!$L:$L, 'All Suppliers Monthly'!$C18) -> 0 | I18: =SUMIFS('<< Working >>'!$J:$J, '<< Working >>'!$E:$E, 'All Suppliers Monthly'!I$6, '<< Working >>'!$R:$R, 'All Suppliers Monthly'!$C$1, '<< Working >>'!$N:$N, 'All Suppliers Monthly'!$C$2, '<< Working >>'!$L:$L, 'All Suppliers Monthly'!$C18) -> 0 | J18: =SUMIFS('<< Working >>'!$J:$J, '<< Working >>'!$E:$E, 'All Suppliers Monthly'!J$6, '<< Working >>'!$R:$R, 'All Suppliers Monthly'!$C$1, '<< Working >>'!$N:$N, 'All Suppliers Monthly'!$C$2, '<< Working >>'!$L:$L, 'All Suppliers Monthly'!$C18) -> 0 | K18: =SUMIFS('<< Working >>'!$J:$J, '<< Working >>'!$E:$E, 'All Suppliers Monthly'!K$6, '<< Working >>'!$R:$R, 'All Suppliers Monthly'!$C$1, '<< Working >>'!$N:$N, 'All Suppliers Monthly'!$C$2, '<< Working >>'!$L:$L, 'All Suppliers Monthly'!$C18) -> 0 | L18: =SUMIFS('<< Working >>'!$J:$J, '<< Working >>'!$E:$E, 'All Suppliers Monthly'!L$6, '<< Working >>'!$R:$R, 'All Suppliers Monthly'!$C$1, '<< Working >>'!$N:$N, 'All Suppliers Monthly'!$C$2, '<< Working >>'!$L:$L, 'All Suppliers Monthly'!$C18) -> 0
... A66: =IF(SUM(D66:L66)>0,"Yes","No") -> No | B66: =VLOOKUP(C66, 'Items Master'!E:F,2,0) -> Import | C66: TAIRISAN | D66: =SUMIFS('<< Working >>'!$J:$J, '<< Working >>'!$E:$E, 'All Suppliers Monthly'!D$6, '<< Working >>'!$R:$R, 'All Suppliers Monthly'!$C$1, '<< Working >>'!$N:$N, 'All Suppliers Monthly'!$C$2, '<< Working >>'!$L:$L, 'All Suppliers Monthly'!$C66) -> 0 | E66: =SUMIFS('<< Working >>'!$J:$J, '<< Working >>'!$E:$E, 'All Suppliers Monthly'!E$6, '<< Working >>'!$R:$R, 'All Suppliers Monthly'!$C$1, '<< Working >>'!$N:$N, 'All Suppliers Monthly'!$C$2, '<< Working >>'!$L:$L, 'All Suppliers Monthly'!$C66) -> 0 | F66: =SUMIFS('<< Working >>'!$J:$J, '<< Working >>'!$E:$E, 'All Suppliers Monthly'!F$6, '<< Working >>'!$R:$R, 'All Suppliers Monthly'!$C$1, '<< Working >>'!$N:$N, 'All Suppliers Monthly'!$C$2, '<< Working >>'!$L:$L, 'All Suppliers Monthly'!$C66) -> 0 | G66: =SUMIFS('<< Working >>'!$J:$J, '<< Working >>'!$E:$E, 'All Suppliers Monthly'!G$6, '<< Working >>'!$R:$R, 'All Suppliers Monthly'!$C$1, '<< Working >>'!$N:$N, 'All Suppliers Monthly'!$C$2, '<< Working >>'!$L:$L, 'All Suppliers Monthly'!$C66) -> 0 | H66: =SUMIFS('<< Working >>'!$J:$J, '<< Working >>'!$E:$E, 'All Suppliers Monthly'!H$6, '<< Working >>'!$R:$R, 'All Suppliers Monthly'!$C$1, '<< Working >>'!$N:$N, 'All Suppliers Monthly'!$C$2, '<< Working >>'!$L:$L, 'All Suppliers Monthly'!$C66) -> 0 | I66: =SUMIFS('<< Working >>'!$J:$J, '<< Working >>'!$E:$E, 'All Suppliers Monthly'!I$6, '<< Working >>'!$R:$R, 'All Suppliers Monthly'!$C$1, '<< Working >>'!$N:$N, 'All Suppliers Monthly'!$C$2, '<< Working >>'!$L:$L, 'All Suppliers Monthly'!$C66) -> 0 | J66: =SUMIFS('<< Working >>'!$J:$J, '<< Working >>'!$E:$E, 'All Suppliers Monthly'!J$6, '<< Working >>'!$R:$R, 'All Suppliers Monthly'!$C$1, '<< Working >>'!$N:$N, 'All Suppliers Monthly'!$C$2, '<< Working >>'!$L:$L, 'All Suppliers Monthly'!$C66) -> 0 | K66: =SUMIFS('<< Working >>'!$J:$J, '<< Working >>'!$E:$E, 'All Suppliers Monthly'!K$6, '<< Working >>'!$R:$R, 'All Suppliers Monthly'!$C$1, '<< Working >>'!$N:$N, 'All Suppliers Monthly'!$C$2, '<< Working >>'!$L:$L, 'All Suppliers Monthly'!$C66) -> 0 | L66: =SUMIFS('<< Working >>'!$J:$J, '<< Working >>'!$E:$E, 'All Suppliers Monthly'!L$6, '<< Working >>'!$R:$R, 'All Suppliers Monthly'!$C$1, '<< Working >>'!$N:$N, 'All Suppliers Monthly'!$C$2, '<< Working >>'!$L:$L, 'All Suppliers Monthly'!$C66) -> 0
